datetime,dst,rssi,src,timestamp
2025-05-27 13:58:36,d8:32:14:45:a0:71,-39.0,04:99:bb:d8:6e:2e,1748350716.3625698
2025-05-27 13:58:36,d8:32:14:45:a0:71,-38.0,04:99:bb:d8:6e:2e,1748350716.3643212
2025-05-27 13:58:36,d8:32:14:45:a0:71,-41.0,04:99:bb:d8:6e:2e,1748350716.5530608
2025-05-27 13:58:37,d8:32:14:45:a0:71,-33.0,04:99:bb:d8:6e:2e,1748350717.3700519
2025-05-27 13:58:37,d8:32:14:45:a0:71,-32.0,04:99:bb:d8:6e:2e,1748350717.3718069
2025-05-27 13:58:37,d8:32:14:45:a0:71,-33.0,04:99:bb:d8:6e:2e,1748350717.372721
2025-05-27 13:58:37,d8:32:14:45:a0:71,-33.0,04:99:bb:d8:6e:2e,1748350717.3736436
2025-05-27 13:58:37,d8:32:14:45:a0:71,-42.0,04:99:bb:d8:6e:2e,1748350717.5752077
2025-05-27 13:58:39,d8:32:14:45:a0:71,-41.0,04:99:bb:d8:6e:2e,1748350719.3507507
2025-05-27 13:58:39,d8:32:14:45:a0:71,-40.0,04:99:bb:d8:6e:2e,1748350719.3524942
2025-05-27 13:58:39,d8:32:14:45:a0:71,-42.0,04:99:bb:d8:6e:2e,1748350719.5219111
2025-05-27 13:58:43,d8:32:14:45:a0:71,-37.0,04:99:bb:d8:6e:2e,1748350723.4134724
2025-05-27 13:58:43,d8:32:14:45:a0:71,-35.0,04:99:bb:d8:6e:2e,1748350723.4179769
2025-05-27 13:58:43,d8:32:14:45:a0:71,-37.0,04:99:bb:d8:6e:2e,1748350723.6170099
2025-05-27 13:58:45,d8:32:14:45:a0:71,-35.0,04:99:bb:d8:6e:2e,1748350725.6277232
2025-05-27 13:58:45,d8:32:14:45:a0:71,-35.0,04:99:bb:d8:6e:2e,1748350725.6297562
2025-05-27 13:58:45,d8:32:14:45:a0:71,-36.0,04:99:bb:d8:6e:2e,1748350725.684599
2025-05-27 13:58:45,d8:32:14:45:a0:71,-43.0,04:99:bb:d8:6e:2e,1748350725.9714766
2025-05-27 13:58:45,d8:32:14:45:a0:71,-41.0,04:99:bb:d8:6e:2e,1748350725.9733984
2025-05-27 13:58:45,d8:32:14:45:a0:71,-42.0,04:99:bb:d8:6e:2e,1748350725.9751625
2025-05-27 13:58:45,d8:32:14:45:a0:71,-40.0,04:99:bb:d8:6e:2e,1748350725.9773598
2025-05-27 13:58:45,d8:32:14:45:a0:71,-41.0,04:99:bb:d8:6e:2e,1748350725.979349
2025-05-27 13:58:45,d8:32:14:45:a0:71,-42.0,04:99:bb:d8:6e:2e,1748350725.981241
2025-05-27 13:58:46,d8:32:14:45:a0:71,-44.0,04:99:bb:d8:6e:2e,1748350726.291387
2025-05-27 13:58:46,d8:32:14:45:a0:71,-45.0,04:99:bb:d8:6e:2e,1748350726.2932155
2025-05-27 13:58:46,d8:32:14:45:a0:71,-43.0,04:99:bb:d8:6e:2e,1748350726.295126
2025-05-27 13:58:46,d8:32:14:45:a0:71,-44.0,04:99:bb:d8:6e:2e,1748350726.297022
2025-05-27 13:58:46,d8:32:14:45:a0:71,-44.0,04:99:bb:d8:6e:2e,1748350726.356222
2025-05-27 13:58:51,d8:32:14:45:a0:71,-36.0,04:99:bb:d8:6e:2e,1748350731.3061738
2025-05-27 13:58:51,d8:32:14:45:a0:71,-33.0,04:99:bb:d8:6e:2e,1748350731.308079
2025-05-27 13:58:51,d8:32:14:45:a0:71,-36.0,04:99:bb:d8:6e:2e,1748350731.5021029
2025-05-27 13:58:52,d8:32:14:45:a0:71,-43.0,04:99:bb:d8:6e:2e,1748350732.331755
2025-05-27 13:58:52,d8:32:14:45:a0:71,-42.0,04:99:bb:d8:6e:2e,1748350732.3336594
2025-05-27 13:58:52,d8:32:14:45:a0:71,-41.0,04:99:bb:d8:6e:2e,1748350732.3346746
2025-05-27 13:58:52,d8:32:14:45:a0:71,-41.0,04:99:bb:d8:6e:2e,1748350732.3356798
2025-05-27 13:58:52,d8:32:14:45:a0:71,-43.0,04:99:bb:d8:6e:2e,1748350732.5295842
2025-05-27 13:58:52,d8:32:14:45:a0:71,-47.0,04:99:bb:d8:6e:2e,1748350732.6278374
2025-05-27 13:58:52,d8:32:14:45:a0:71,-42.0,04:99:bb:d8:6e:2e,1748350732.6297185
2025-05-27 13:58:52,d8:32:14:45:a0:71,-51.0,04:99:bb:d8:6e:2e,1748350732.6983385
2025-05-27 13:58:52,d8:32:14:45:a0:71,-51.0,04:99:bb:d8:6e:2e,1748350732.7697873
2025-05-27 13:58:52,d8:32:14:45:a0:71,-43.0,04:99:bb:d8:6e:2e,1748350732.7717466
2025-05-27 13:58:52,d8:32:14:45:a0:71,-51.0,04:99:bb:d8:6e:2e,1748350732.832455
2025-05-27 13:58:53,d8:32:14:45:a0:71,-43.0,04:99:bb:d8:6e:2e,1748350733.5491922
2025-05-27 13:58:53,d8:32:14:45:a0:71,-38.0,04:99:bb:d8:6e:2e,1748350733.5511162
2025-05-27 13:58:53,d8:32:14:45:a0:71,-39.0,04:99:bb:d8:6e:2e,1748350733.6110363
2025-05-27 13:58:53,d8:32:14:45:a0:71,-38.0,04:99:bb:d8:6e:2e,1748350733.6516302
2025-05-27 13:58:53,d8:32:14:45:a0:71,-35.0,04:99:bb:d8:6e:2e,1748350733.6533883
2025-05-27 13:58:53,d8:32:14:45:a0:71,-36.0,04:99:bb:d8:6e:2e,1748350733.6614096
2025-05-27 13:58:53,d8:32:14:45:a0:71,-33.0,04:99:bb:d8:6e:2e,1748350733.6723714
2025-05-27 13:58:53,d8:32:14:45:a0:71,-34.0,04:99:bb:d8:6e:2e,1748350733.7264645
2025-05-27 13:58:53,d8:32:14:45:a0:71,-33.0,04:99:bb:d8:6e:2e,1748350733.7811263
2025-05-27 13:58:53,d8:32:14:45:a0:71,-33.0,04:99:bb:d8:6e:2e,1748350733.7828627
2025-05-27 13:58:53,d8:32:14:45:a0:71,-38.0,04:99:bb:d8:6e:2e,1748350733.8158734
2025-05-27 13:58:54,d8:32:14:45:a0:71,-38.0,04:99:bb:d8:6e:2e,1748350734.0598695
2025-05-27 13:58:54,d8:32:14:45:a0:71,-32.0,04:99:bb:d8:6e:2e,1748350734.1635954
2025-05-27 13:58:54,d8:32:14:45:a0:71,-30.0,04:99:bb:d8:6e:2e,1748350734.170563
2025-05-27 13:58:54,d8:32:14:45:a0:71,-35.0,04:99:bb:d8:6e:2e,1748350734.2287655
2025-05-27 13:58:54,d8:32:14:45:a0:71,-33.0,04:99:bb:d8:6e:2e,1748350734.4004064
2025-05-27 13:58:54,d8:32:14:45:a0:71,-31.0,04:99:bb:d8:6e:2e,1748350734.4023433
2025-05-27 13:58:54,d8:32:14:45:a0:71,-31.0,04:99:bb:d8:6e:2e,1748350734.5739698
2025-05-27 13:58:54,d8:32:14:45:a0:71,-32.0,04:99:bb:d8:6e:2e,1748350734.6756127
2025-05-27 13:58:54,d8:32:14:45:a0:71,-28.0,04:99:bb:d8:6e:2e,1748350734.6773913
2025-05-27 13:58:54,d8:32:14:45:a0:71,-31.0,04:99:bb:d8:6e:2e,1748350734.737265
2025-05-27 13:58:54,d8:32:14:45:a0:71,-33.0,04:99:bb:d8:6e:2e,1748350734.7885532
2025-05-27 13:58:54,d8:32:14:45:a0:71,-30.0,04:99:bb:d8:6e:2e,1748350734.7906253
2025-05-27 13:58:54,d8:32:14:45:a0:71,-28.0,04:99:bb:d8:6e:2e,1748350734.792569
2025-05-27 13:58:54,d8:32:14:45:a0:71,-31.0,04:99:bb:d8:6e:2e,1748350734.8006778
2025-05-27 13:58:54,d8:32:14:45:a0:71,-32.0,04:99:bb:d8:6e:2e,1748350734.8638844
2025-05-27 13:58:56,d8:32:14:45:a0:71,-38.0,04:99:bb:d8:6e:2e,1748350736.726268
2025-05-27 13:58:56,d8:32:14:45:a0:71,-35.0,04:99:bb:d8:6e:2e,1748350736.7297862
2025-05-27 13:58:58,d8:32:14:45:a0:71,-39.0,04:99:bb:d8:6e:2e,1748350738.3646162
2025-05-27 13:58:58,d8:32:14:45:a0:71,-38.0,04:99:bb:d8:6e:2e,1748350738.367989
2025-05-27 13:58:58,d8:32:14:45:a0:71,-41.0,04:99:bb:d8:6e:2e,1748350738.5717628
2025-05-27 13:59:00,d8:32:14:45:a0:71,-35.0,04:99:bb:d8:6e:2e,1748350740.7172742
2025-05-27 13:59:00,d8:32:14:45:a0:71,-32.0,04:99:bb:d8:6e:2e,1748350740.7195299
2025-05-27 13:59:00,d8:32:14:45:a0:71,-37.0,04:99:bb:d8:6e:2e,1748350740.7790823
2025-05-27 13:59:06,d8:32:14:45:a0:71,-40.0,04:99:bb:d8:6e:2e,1748350746.3319025
2025-05-27 13:59:06,d8:32:14:45:a0:71,-37.0,04:99:bb:d8:6e:2e,1748350746.3338394
2025-05-27 13:59:06,d8:32:14:45:a0:71,-33.0,04:99:bb:d8:6e:2e,1748350746.3360772
2025-05-27 13:59:06,d8:32:14:45:a0:71,-36.0,04:99:bb:d8:6e:2e,1748350746.3371732
2025-05-27 13:59:07,d8:32:14:45:a0:71,-38.0,04:99:bb:d8:6e:2e,1748350747.3733814
2025-05-27 13:59:07,d8:32:14:45:a0:71,-35.0,04:99:bb:d8:6e:2e,1748350747.375382
2025-05-27 13:59:07,d8:32:14:45:a0:71,-47.0,04:99:bb:d8:6e:2e,1748350747.5785062
2025-05-27 13:59:08,d8:32:14:45:a0:71,-36.0,04:99:bb:d8:6e:2e,1748350748.7032988
2025-05-27 13:59:08,d8:32:14:45:a0:71,-34.0,04:99:bb:d8:6e:2e,1748350748.7053235
2025-05-27 13:59:08,d8:32:14:45:a0:71,-35.0,04:99:bb:d8:6e:2e,1748350748.7662873
2025-05-27 13:59:09,d8:32:14:45:a0:71,-37.0,04:99:bb:d8:6e:2e,1748350749.0895772
2025-05-27 13:59:09,d8:32:14:45:a0:71,-33.0,04:99:bb:d8:6e:2e,1748350749.0912435
2025-05-27 13:59:09,d8:32:14:45:a0:71,-33.0,04:99:bb:d8:6e:2e,1748350749.093352
2025-05-27 13:59:09,d8:32:14:45:a0:71,-35.0,04:99:bb:d8:6e:2e,1748350749.0952926
2025-05-27 13:59:09,d8:32:14:45:a0:71,-32.0,04:99:bb:d8:6e:2e,1748350749.1853118
2025-05-27 13:59:09,d8:32:14:45:a0:71,-31.0,04:99:bb:d8:6e:2e,1748350749.1865218
2025-05-27 13:59:09,d8:32:14:45:a0:71,-31.0,04:99:bb:d8:6e:2e,1748350749.1875794
2025-05-27 13:59:09,d8:32:14:45:a0:71,-30.0,04:99:bb:d8:6e:2e,1748350749.189452
2025-05-27 13:59:09,d8:32:14:45:a0:71,-30.0,04:99:bb:d8:6e:2e,1748350749.19064
2025-05-27 13:59:09,d8:32:14:45:a0:71,-31.0,04:99:bb:d8:6e:2e,1748350749.1916826
2025-05-27 13:59:09,d8:32:14:45:a0:71,-31.0,04:99:bb:d8:6e:2e,1748350749.193472
2025-05-27 13:59:09,d8:32:14:45:a0:71,-31.0,04:99:bb:d8:6e:2e,1748350749.1963592
2025-05-27 13:59:09,d8:32:14:45:a0:71,-31.0,04:99:bb:d8:6e:2e,1748350749.1983728
2025-05-27 13:59:09,d8:32:14:45:a0:71,-31.0,04:99:bb:d8:6e:2e,1748350749.2001557
2025-05-27 13:59:09,d8:32:14:45:a0:71,-31.0,04:99:bb:d8:6e:2e,1748350749.2012658
2025-05-27 13:59:09,d8:32:14:45:a0:71,-30.0,04:99:bb:d8:6e:2e,1748350749.2023194
2025-05-27 13:59:09,d8:32:14:45:a0:71,-31.0,04:99:bb:d8:6e:2e,1748350749.2034128
2025-05-27 13:59:09,d8:32:14:45:a0:71,-31.0,04:99:bb:d8:6e:2e,1748350749.2061977
2025-05-27 13:59:09,d8:32:14:45:a0:71,-30.0,04:99:bb:d8:6e:2e,1748350749.2072518
2025-05-27 13:59:09,d8:32:14:45:a0:71,-31.0,04:99:bb:d8:6e:2e,1748350749.2083068
2025-05-27 13:59:09,d8:32:14:45:a0:71,-31.0,04:99:bb:d8:6e:2e,1748350749.2093737
2025-05-27 13:59:09,d8:32:14:45:a0:71,-31.0,04:99:bb:d8:6e:2e,1748350749.21035
2025-05-27 13:59:09,d8:32:14:45:a0:71,-29.0,04:99:bb:d8:6e:2e,1748350749.243815
2025-05-27 13:59:09,d8:32:14:45:a0:71,-29.0,04:99:bb:d8:6e:2e,1748350749.2448013
2025-05-27 13:59:09,d8:32:14:45:a0:71,-31.0,04:99:bb:d8:6e:2e,1748350749.2465882
2025-05-27 13:59:09,d8:32:14:45:a0:71,-29.0,04:99:bb:d8:6e:2e,1748350749.2597175
2025-05-27 13:59:09,d8:32:14:45:a0:71,-30.0,04:99:bb:d8:6e:2e,1748350749.2616656
2025-05-27 13:59:09,d8:32:14:45:a0:71,-30.0,04:99:bb:d8:6e:2e,1748350749.2644517
2025-05-27 13:59:09,d8:32:14:45:a0:71,-30.0,04:99:bb:d8:6e:2e,1748350749.2680464
2025-05-27 13:59:09,d8:32:14:45:a0:71,-30.0,04:99:bb:d8:6e:2e,1748350749.2698016
2025-05-27 13:59:09,d8:32:14:45:a0:71,-30.0,04:99:bb:d8:6e:2e,1748350749.2716403
2025-05-27 13:59:09,d8:32:14:45:a0:71,-28.0,04:99:bb:d8:6e:2e,1748350749.273538
2025-05-27 13:59:09,d8:32:14:45:a0:71,-30.0,04:99:bb:d8:6e:2e,1748350749.274477
2025-05-27 13:59:09,d8:32:14:45:a0:71,-30.0,04:99:bb:d8:6e:2e,1748350749.2753966
2025-05-27 13:59:09,d8:32:14:45:a0:71,-29.0,04:99:bb:d8:6e:2e,1748350749.2763093
2025-05-27 13:59:09,d8:32:14:45:a0:71,-28.0,04:99:bb:d8:6e:2e,1748350749.2771678
2025-05-27 13:59:09,d8:32:14:45:a0:71,-28.0,04:99:bb:d8:6e:2e,1748350749.282422
2025-05-27 13:59:09,d8:32:14:45:a0:71,-29.0,04:99:bb:d8:6e:2e,1748350749.2872617
2025-05-27 13:59:09,d8:32:14:45:a0:71,-29.0,04:99:bb:d8:6e:2e,1748350749.2891064
2025-05-27 13:59:09,d8:32:14:45:a0:71,-30.0,04:99:bb:d8:6e:2e,1748350749.29003
2025-05-27 13:59:09,d8:32:14:45:a0:71,-27.0,04:99:bb:d8:6e:2e,1748350749.2909663
2025-05-27 13:59:09,d8:32:14:45:a0:71,-30.0,04:99:bb:d8:6e:2e,1748350749.2919161
2025-05-27 13:59:09,d8:32:14:45:a0:71,-30.0,04:99:bb:d8:6e:2e,1748350749.2928665
2025-05-27 13:59:09,d8:32:14:45:a0:71,-29.0,04:99:bb:d8:6e:2e,1748350749.293789
2025-05-27 13:59:09,d8:32:14:45:a0:71,-29.0,04:99:bb:d8:6e:2e,1748350749.2955153
2025-05-27 13:59:09,d8:32:14:45:a0:71,-29.0,04:99:bb:d8:6e:2e,1748350749.2973146
2025-05-27 13:59:09,d8:32:14:45:a0:71,-29.0,04:99:bb:d8:6e:2e,1748350749.2982922
2025-05-27 13:59:09,d8:32:14:45:a0:71,-30.0,04:99:bb:d8:6e:2e,1748350749.2993367
2025-05-27 13:59:09,d8:32:14:45:a0:71,-29.0,04:99:bb:d8:6e:2e,1748350749.3002934
2025-05-27 13:59:09,d8:32:14:45:a0:71,-30.0,04:99:bb:d8:6e:2e,1748350749.3011663
2025-05-27 13:59:09,d8:32:14:45:a0:71,-29.0,04:99:bb:d8:6e:2e,1748350749.3135178
2025-05-27 13:59:09,d8:32:14:45:a0:71,-27.0,04:99:bb:d8:6e:2e,1748350749.3144603
2025-05-27 13:59:09,d8:32:14:45:a0:71,-25.0,04:99:bb:d8:6e:2e,1748350749.315411
2025-05-27 13:59:09,d8:32:14:45:a0:71,-28.0,04:99:bb:d8:6e:2e,1748350749.317288
2025-05-27 13:59:09,d8:32:14:45:a0:71,-29.0,04:99:bb:d8:6e:2e,1748350749.3189702
2025-05-27 13:59:09,d8:32:14:45:a0:71,-28.0,04:99:bb:d8:6e:2e,1748350749.3199089
2025-05-27 13:59:09,d8:32:14:45:a0:71,-28.0,04:99:bb:d8:6e:2e,1748350749.320757
2025-05-27 13:59:09,d8:32:14:45:a0:71,-29.0,04:99:bb:d8:6e:2e,1748350749.3270035
2025-05-27 13:59:09,d8:32:14:45:a0:71,-25.0,04:99:bb:d8:6e:2e,1748350749.3279684
2025-05-27 13:59:09,d8:32:14:45:a0:71,-29.0,04:99:bb:d8:6e:2e,1748350749.3289442
2025-05-27 13:59:09,d8:32:14:45:a0:71,-27.0,04:99:bb:d8:6e:2e,1748350749.329892
2025-05-27 13:59:09,d8:32:14:45:a0:71,-27.0,04:99:bb:d8:6e:2e,1748350749.3307514
2025-05-27 13:59:09,d8:32:14:45:a0:71,-28.0,04:99:bb:d8:6e:2e,1748350749.3370643
2025-05-27 13:59:09,d8:32:14:45:a0:71,-26.0,04:99:bb:d8:6e:2e,1748350749.338009
2025-05-27 13:59:09,d8:32:14:45:a0:71,-29.0,04:99:bb:d8:6e:2e,1748350749.338894
2025-05-27 13:59:09,d8:32:14:45:a0:71,-27.0,04:99:bb:d8:6e:2e,1748350749.3424492
2025-05-27 13:59:09,d8:32:14:45:a0:71,-28.0,04:99:bb:d8:6e:2e,1748350749.343374
2025-05-27 13:59:09,d8:32:14:45:a0:71,-26.0,04:99:bb:d8:6e:2e,1748350749.3442225
2025-05-27 13:59:09,d8:32:14:45:a0:71,-27.0,04:99:bb:d8:6e:2e,1748350749.349535
2025-05-27 13:59:09,d8:32:14:45:a0:71,-26.0,04:99:bb:d8:6e:2e,1748350749.350396
2025-05-27 13:59:09,d8:32:14:45:a0:71,-27.0,04:99:bb:d8:6e:2e,1748350749.354127
2025-05-27 13:59:09,d8:32:14:45:a0:71,-28.0,04:99:bb:d8:6e:2e,1748350749.3571002
2025-05-27 13:59:09,d8:32:14:45:a0:71,-27.0,04:99:bb:d8:6e:2e,1748350749.3606515
2025-05-27 13:59:09,d8:32:14:45:a0:71,-27.0,04:99:bb:d8:6e:2e,1748350749.3616102
2025-05-27 13:59:09,d8:32:14:45:a0:71,-28.0,04:99:bb:d8:6e:2e,1748350749.365176
2025-05-27 13:59:09,d8:32:14:45:a0:71,-27.0,04:99:bb:d8:6e:2e,1748350749.3661454
2025-05-27 13:59:09,d8:32:14:45:a0:71,-28.0,04:99:bb:d8:6e:2e,1748350749.3670936
2025-05-27 13:59:09,d8:32:14:45:a0:71,-28.0,04:99:bb:d8:6e:2e,1748350749.3679485
2025-05-27 13:59:09,d8:32:14:45:a0:71,-29.0,04:99:bb:d8:6e:2e,1748350749.3696291
2025-05-27 13:59:09,d8:32:14:45:a0:71,-29.0,04:99:bb:d8:6e:2e,1748350749.3757038
2025-05-27 13:59:09,d8:32:14:45:a0:71,-26.0,04:99:bb:d8:6e:2e,1748350749.3776052
2025-05-27 13:59:09,d8:32:14:45:a0:71,-26.0,04:99:bb:d8:6e:2e,1748350749.3795807
2025-05-27 13:59:09,d8:32:14:45:a0:71,-29.0,04:99:bb:d8:6e:2e,1748350749.3821907
2025-05-27 13:59:09,d8:32:14:45:a0:71,-62.0,04:99:bb:d8:6e:2e,1748350749.3831015
2025-05-27 13:59:09,d8:32:14:45:a0:71,-29.0,04:99:bb:d8:6e:2e,1748350749.3839433
2025-05-27 13:59:09,d8:32:14:45:a0:71,-30.0,04:99:bb:d8:6e:2e,1748350749.388016
2025-05-27 13:59:09,d8:32:14:45:a0:71,-29.0,04:99:bb:d8:6e:2e,1748350749.39085
2025-05-27 13:59:09,d8:32:14:45:a0:71,-31.0,04:99:bb:d8:6e:2e,1748350749.3939133
2025-05-27 13:59:09,d8:32:14:45:a0:71,-31.0,04:99:bb:d8:6e:2e,1748350749.3965814
2025-05-27 13:59:09,d8:32:14:45:a0:71,-30.0,04:99:bb:d8:6e:2e,1748350749.3985035
2025-05-27 13:59:09,d8:32:14:45:a0:71,-32.0,04:99:bb:d8:6e:2e,1748350749.3994496
2025-05-27 13:59:09,d8:32:14:45:a0:71,-32.0,04:99:bb:d8:6e:2e,1748350749.4011357
2025-05-27 13:59:09,d8:32:14:45:a0:71,-32.0,04:99:bb:d8:6e:2e,1748350749.4110339
2025-05-27 13:59:09,d8:32:14:45:a0:71,-31.0,04:99:bb:d8:6e:2e,1748350749.4119709
2025-05-27 13:59:09,d8:32:14:45:a0:71,-31.0,04:99:bb:d8:6e:2e,1748350749.4129167
2025-05-27 13:59:09,d8:32:14:45:a0:71,-32.0,04:99:bb:d8:6e:2e,1748350749.414599
2025-05-27 13:59:09,d8:32:14:45:a0:71,-34.0,04:99:bb:d8:6e:2e,1748350749.415546
2025-05-27 13:59:09,d8:32:14:45:a0:71,-32.0,04:99:bb:d8:6e:2e,1748350749.4165096
2025-05-27 13:59:09,d8:32:14:45:a0:71,-33.0,04:99:bb:d8:6e:2e,1748350749.4175198
2025-05-27 13:59:09,d8:32:14:45:a0:71,-32.0,04:99:bb:d8:6e:2e,1748350749.4184682
2025-05-27 13:59:09,d8:32:14:45:a0:71,-32.0,04:99:bb:d8:6e:2e,1748350749.420135
2025-05-27 13:59:09,d8:32:14:45:a0:71,-34.0,04:99:bb:d8:6e:2e,1748350749.4227695
2025-05-27 13:59:09,d8:32:14:45:a0:71,-35.0,04:99:bb:d8:6e:2e,1748350749.4236987
2025-05-27 13:59:09,d8:32:14:45:a0:71,-34.0,04:99:bb:d8:6e:2e,1748350749.4246356
2025-05-27 13:59:09,d8:32:14:45:a0:71,-36.0,04:99:bb:d8:6e:2e,1748350749.4256248
2025-05-27 13:59:09,d8:32:14:45:a0:71,-37.0,04:99:bb:d8:6e:2e,1748350749.42649
2025-05-27 13:59:09,d8:32:14:45:a0:71,-37.0,04:99:bb:d8:6e:2e,1748350749.4321065
2025-05-27 13:59:09,d8:32:14:45:a0:71,-40.0,04:99:bb:d8:6e:2e,1748350749.4348412
2025-05-27 13:59:09,d8:32:14:45:a0:71,-39.0,04:99:bb:d8:6e:2e,1748350749.435718
2025-05-27 13:59:09,d8:32:14:45:a0:71,-42.0,04:99:bb:d8:6e:2e,1748350749.4399526
2025-05-27 13:59:09,d8:32:14:45:a0:71,-43.0,04:99:bb:d8:6e:2e,1748350749.4407966
2025-05-27 13:59:09,d8:32:14:45:a0:71,-43.0,04:99:bb:d8:6e:2e,1748350749.4459877
2025-05-27 13:59:09,d8:32:14:45:a0:71,-42.0,04:99:bb:d8:6e:2e,1748350749.4469042
2025-05-27 13:59:09,d8:32:14:45:a0:71,-41.0,04:99:bb:d8:6e:2e,1748350749.4487467
2025-05-27 13:59:09,d8:32:14:45:a0:71,-40.0,04:99:bb:d8:6e:2e,1748350749.4589438
2025-05-27 13:59:09,d8:32:14:45:a0:71,-38.0,04:99:bb:d8:6e:2e,1748350749.4598632
2025-05-27 13:59:09,d8:32:14:45:a0:71,-35.0,04:99:bb:d8:6e:2e,1748350749.4624448
2025-05-27 13:59:09,d8:32:14:45:a0:71,-35.0,04:99:bb:d8:6e:2e,1748350749.463347
2025-05-27 13:59:09,d8:32:14:45:a0:71,-34.0,04:99:bb:d8:6e:2e,1748350749.4641852
2025-05-27 13:59:09,d8:32:14:45:a0:71,-34.0,04:99:bb:d8:6e:2e,1748350749.47528
2025-05-27 13:59:09,d8:32:14:45:a0:71,-32.0,04:99:bb:d8:6e:2e,1748350749.47621
2025-05-27 13:59:09,d8:32:14:45:a0:71,-33.0,04:99:bb:d8:6e:2e,1748350749.4778855
2025-05-27 13:59:09,d8:32:14:45:a0:71,-32.0,04:99:bb:d8:6e:2e,1748350749.4805732
2025-05-27 13:59:09,d8:32:14:45:a0:71,-31.0,04:99:bb:d8:6e:2e,1748350749.4832854
2025-05-27 13:59:09,d8:32:14:45:a0:71,-31.0,04:99:bb:d8:6e:2e,1748350749.4849515
2025-05-27 13:59:09,d8:32:14:45:a0:71,-31.0,04:99:bb:d8:6e:2e,1748350749.486826
2025-05-27 13:59:09,d8:32:14:45:a0:71,-30.0,04:99:bb:d8:6e:2e,1748350749.4877632
2025-05-27 13:59:09,d8:32:14:45:a0:71,-30.0,04:99:bb:d8:6e:2e,1748350749.4886096
2025-05-27 13:59:09,d8:32:14:45:a0:71,-30.0,04:99:bb:d8:6e:2e,1748350749.494781
2025-05-27 13:59:09,d8:32:14:45:a0:71,-29.0,04:99:bb:d8:6e:2e,1748350749.4968207
2025-05-27 13:59:09,d8:32:14:45:a0:71,-28.0,04:99:bb:d8:6e:2e,1748350749.498545
2025-05-27 13:59:09,d8:32:14:45:a0:71,-29.0,04:99:bb:d8:6e:2e,1748350749.5022461
2025-05-27 13:59:09,d8:32:14:45:a0:71,-28.0,04:99:bb:d8:6e:2e,1748350749.5041535
2025-05-27 13:59:09,d8:32:14:45:a0:71,-29.0,04:99:bb:d8:6e:2e,1748350749.5051405
2025-05-27 13:59:09,d8:32:14:45:a0:71,-29.0,04:99:bb:d8:6e:2e,1748350749.5093625
2025-05-27 13:59:09,d8:32:14:45:a0:71,-28.0,04:99:bb:d8:6e:2e,1748350749.5119107
2025-05-27 13:59:09,d8:32:14:45:a0:71,-33.0,04:99:bb:d8:6e:2e,1748350749.5335062
2025-05-27 13:59:09,d8:32:14:45:a0:71,-33.0,04:99:bb:d8:6e:2e,1748350749.5353324
2025-05-27 13:59:09,d8:32:14:45:a0:71,-40.0,04:99:bb:d8:6e:2e,1748350749.5467753
2025-05-27 13:59:09,d8:32:14:45:a0:71,-40.0,04:99:bb:d8:6e:2e,1748350749.550133
2025-05-27 13:59:09,d8:32:14:45:a0:71,-40.0,04:99:bb:d8:6e:2e,1748350749.5519397
2025-05-27 13:59:09,d8:32:14:45:a0:71,-40.0,04:99:bb:d8:6e:2e,1748350749.5616763
2025-05-27 13:59:09,d8:32:14:45:a0:71,-35.0,04:99:bb:d8:6e:2e,1748350749.563458
2025-05-27 13:59:09,d8:32:14:45:a0:71,-39.0,04:99:bb:d8:6e:2e,1748350749.5643656
2025-05-27 13:59:09,d8:32:14:45:a0:71,-38.0,04:99:bb:d8:6e:2e,1748350749.566947
2025-05-27 13:59:09,d8:32:14:45:a0:71,-36.0,04:99:bb:d8:6e:2e,1748350749.567856
2025-05-27 13:59:09,d8:32:14:45:a0:71,-34.0,04:99:bb:d8:6e:2e,1748350749.568761
2025-05-27 13:59:09,d8:32:14:45:a0:71,-34.0,04:99:bb:d8:6e:2e,1748350749.5739796
2025-05-27 13:59:09,d8:32:14:45:a0:71,-34.0,04:99:bb:d8:6e:2e,1748350749.5748882
2025-05-27 13:59:09,d8:32:14:45:a0:71,-32.0,04:99:bb:d8:6e:2e,1748350749.579
2025-05-27 13:59:09,d8:32:14:45:a0:71,-34.0,04:99:bb:d8:6e:2e,1748350749.5808659
2025-05-27 13:59:09,d8:32:14:45:a0:71,-33.0,04:99:bb:d8:6e:2e,1748350749.5828462
2025-05-27 13:59:09,d8:32:14:45:a0:71,-31.0,04:99:bb:d8:6e:2e,1748350749.5837598
2025-05-27 13:59:09,d8:32:14:45:a0:71,-33.0,04:99:bb:d8:6e:2e,1748350749.5846603
2025-05-27 13:59:09,d8:32:14:45:a0:71,-34.0,04:99:bb:d8:6e:2e,1748350749.5855837
2025-05-27 13:59:09,d8:32:14:45:a0:71,-34.0,04:99:bb:d8:6e:2e,1748350749.586502
2025-05-27 13:59:09,d8:32:14:45:a0:71,-33.0,04:99:bb:d8:6e:2e,1748350749.5874119
2025-05-27 13:59:09,d8:32:14:45:a0:71,-33.0,04:99:bb:d8:6e:2e,1748350749.5890534
2025-05-27 13:59:09,d8:32:14:45:a0:71,-33.0,04:99:bb:d8:6e:2e,1748350749.5917501
2025-05-27 13:59:09,d8:32:14:45:a0:71,-33.0,04:99:bb:d8:6e:2e,1748350749.5935838
2025-05-27 13:59:09,d8:32:14:45:a0:71,-34.0,04:99:bb:d8:6e:2e,1748350749.595386
2025-05-27 13:59:09,d8:32:14:45:a0:71,-34.0,04:99:bb:d8:6e:2e,1748350749.5970793
2025-05-27 13:59:09,d8:32:14:45:a0:71,-33.0,04:99:bb:d8:6e:2e,1748350749.6052678
2025-05-27 13:59:09,d8:32:14:45:a0:71,-33.0,04:99:bb:d8:6e:2e,1748350749.609053
2025-05-27 13:59:09,d8:32:14:45:a0:71,-34.0,04:99:bb:d8:6e:2e,1748350749.6117733
2025-05-27 13:59:09,d8:32:14:45:a0:71,-32.0,04:99:bb:d8:6e:2e,1748350749.6127224
2025-05-27 13:59:09,d8:32:14:45:a0:71,-30.0,04:99:bb:d8:6e:2e,1748350749.6136894
2025-05-27 13:59:09,d8:32:14:45:a0:71,-34.0,04:99:bb:d8:6e:2e,1748350749.6156662
2025-05-27 13:59:09,d8:32:14:45:a0:71,-34.0,04:99:bb:d8:6e:2e,1748350749.617514
2025-05-27 13:59:09,d8:32:14:45:a0:71,-33.0,04:99:bb:d8:6e:2e,1748350749.620076
2025-05-27 13:59:09,d8:32:14:45:a0:71,-33.0,04:99:bb:d8:6e:2e,1748350749.6326566
2025-05-27 13:59:09,d8:32:14:45:a0:71,-32.0,04:99:bb:d8:6e:2e,1748350749.6364481
2025-05-27 13:59:09,d8:32:14:45:a0:71,-34.0,04:99:bb:d8:6e:2e,1748350749.6383064
2025-05-27 13:59:09,d8:32:14:45:a0:71,-34.0,04:99:bb:d8:6e:2e,1748350749.64187
2025-05-27 13:59:09,d8:32:14:45:a0:71,-34.0,04:99:bb:d8:6e:2e,1748350749.6436477
2025-05-27 13:59:09,d8:32:14:45:a0:71,-34.0,04:99:bb:d8:6e:2e,1748350749.6445951
2025-05-27 13:59:09,d8:32:14:45:a0:71,-34.0,04:99:bb:d8:6e:2e,1748350749.6455283
2025-05-27 13:59:09,d8:32:14:45:a0:71,-35.0,04:99:bb:d8:6e:2e,1748350749.6642303
2025-05-27 13:59:09,d8:32:14:45:a0:71,-35.0,04:99:bb:d8:6e:2e,1748350749.6661534
2025-05-27 13:59:09,d8:32:14:45:a0:71,-34.0,04:99:bb:d8:6e:2e,1748350749.6671007
2025-05-27 13:59:09,d8:32:14:45:a0:71,-35.0,04:99:bb:d8:6e:2e,1748350749.6688197
2025-05-27 13:59:09,d8:32:14:45:a0:71,-32.0,04:99:bb:d8:6e:2e,1748350749.671735
2025-05-27 13:59:09,d8:32:14:45:a0:71,-32.0,04:99:bb:d8:6e:2e,1748350749.6733906
2025-05-27 13:59:09,d8:32:14:45:a0:71,-31.0,04:99:bb:d8:6e:2e,1748350749.6823761
2025-05-27 13:59:09,d8:32:14:45:a0:71,-35.0,04:99:bb:d8:6e:2e,1748350749.6850579
2025-05-27 13:59:09,d8:32:14:45:a0:71,-35.0,04:99:bb:d8:6e:2e,1748350749.6860707
2025-05-27 13:59:09,d8:32:14:45:a0:71,-33.0,04:99:bb:d8:6e:2e,1748350749.687071
2025-05-27 13:59:09,d8:32:14:45:a0:71,-31.0,04:99:bb:d8:6e:2e,1748350749.6889532
2025-05-27 13:59:09,d8:32:14:45:a0:71,-33.0,04:99:bb:d8:6e:2e,1748350749.6915052
2025-05-27 13:59:09,d8:32:14:45:a0:71,-34.0,04:99:bb:d8:6e:2e,1748350749.6953924
2025-05-27 13:59:09,d8:32:14:45:a0:71,-31.0,04:99:bb:d8:6e:2e,1748350749.6963506
2025-05-27 13:59:09,d8:32:14:45:a0:71,-32.0,04:99:bb:d8:6e:2e,1748350749.6972213
2025-05-27 13:59:09,d8:32:14:45:a0:71,-33.0,04:99:bb:d8:6e:2e,1748350749.700811
2025-05-27 13:59:09,d8:32:14:45:a0:71,-34.0,04:99:bb:d8:6e:2e,1748350749.701755
2025-05-27 13:59:09,d8:32:14:45:a0:71,-32.0,04:99:bb:d8:6e:2e,1748350749.7026029
2025-05-27 13:59:09,d8:32:14:45:a0:71,-34.0,04:99:bb:d8:6e:2e,1748350749.7062912
2025-05-27 13:59:09,d8:32:14:45:a0:71,-31.0,04:99:bb:d8:6e:2e,1748350749.7072427
2025-05-27 13:59:09,d8:32:14:45:a0:71,-33.0,04:99:bb:d8:6e:2e,1748350749.708093
2025-05-27 13:59:09,d8:32:14:45:a0:71,-32.0,04:99:bb:d8:6e:2e,1748350749.7126126
2025-05-27 13:59:09,d8:32:14:45:a0:71,-32.0,04:99:bb:d8:6e:2e,1748350749.7143736
2025-05-27 13:59:09,d8:32:14:45:a0:71,-33.0,04:99:bb:d8:6e:2e,1748350749.7194035
2025-05-27 13:59:09,d8:32:14:45:a0:71,-35.0,04:99:bb:d8:6e:2e,1748350749.7203448
2025-05-27 13:59:09,d8:32:14:45:a0:71,-34.0,04:99:bb:d8:6e:2e,1748350749.7212036
2025-05-27 13:59:09,d8:32:14:45:a0:71,-30.0,04:99:bb:d8:6e:2e,1748350749.726548
2025-05-27 13:59:09,d8:32:14:45:a0:71,-35.0,04:99:bb:d8:6e:2e,1748350749.730366
2025-05-27 13:59:09,d8:32:14:45:a0:71,-36.0,04:99:bb:d8:6e:2e,1748350749.731322
2025-05-27 13:59:09,d8:32:14:45:a0:71,-35.0,04:99:bb:d8:6e:2e,1748350749.7322369
2025-05-27 13:59:09,d8:32:14:45:a0:71,-34.0,04:99:bb:d8:6e:2e,1748350749.7330818
2025-05-27 13:59:09,d8:32:14:45:a0:71,-37.0,04:99:bb:d8:6e:2e,1748350749.7384028
2025-05-27 13:59:09,d8:32:14:45:a0:71,-38.0,04:99:bb:d8:6e:2e,1748350749.739328
2025-05-27 13:59:09,d8:32:14:45:a0:71,-37.0,04:99:bb:d8:6e:2e,1748350749.7402375
2025-05-27 13:59:09,d8:32:14:45:a0:71,-42.0,04:99:bb:d8:6e:2e,1748350749.7411835
2025-05-27 13:59:09,d8:32:14:45:a0:71,-42.0,04:99:bb:d8:6e:2e,1748350749.7423873
2025-05-27 13:59:09,d8:32:14:45:a0:71,-42.0,04:99:bb:d8:6e:2e,1748350749.7432609
2025-05-27 13:59:09,d8:32:14:45:a0:71,-47.0,04:99:bb:d8:6e:2e,1748350749.7584758
2025-05-27 13:59:09,d8:32:14:45:a0:71,-46.0,04:99:bb:d8:6e:2e,1748350749.7594478
2025-05-27 13:59:09,d8:32:14:45:a0:71,-46.0,04:99:bb:d8:6e:2e,1748350749.7604742
2025-05-27 13:59:09,d8:32:14:45:a0:71,-46.0,04:99:bb:d8:6e:2e,1748350749.7614582
2025-05-27 13:59:09,d8:32:14:45:a0:71,-44.0,04:99:bb:d8:6e:2e,1748350749.7714646
2025-05-27 13:59:09,d8:32:14:45:a0:71,-43.0,04:99:bb:d8:6e:2e,1748350749.7724206
2025-05-27 13:59:09,d8:32:14:45:a0:71,-42.0,04:99:bb:d8:6e:2e,1748350749.774167
2025-05-27 13:59:09,d8:32:14:45:a0:71,-41.0,04:99:bb:d8:6e:2e,1748350749.77588
2025-05-27 13:59:09,d8:32:14:45:a0:71,-41.0,04:99:bb:d8:6e:2e,1748350749.776786
2025-05-27 13:59:09,d8:32:14:45:a0:71,-38.0,04:99:bb:d8:6e:2e,1748350749.7827523
2025-05-27 13:59:09,d8:32:14:45:a0:71,-36.0,04:99:bb:d8:6e:2e,1748350749.9200208
2025-05-27 13:59:11,d8:32:14:45:a0:71,-37.0,04:99:bb:d8:6e:2e,1748350751.1489482
2025-05-27 13:59:11,d8:32:14:45:a0:71,-34.0,04:99:bb:d8:6e:2e,1748350751.1514604
2025-05-27 13:59:11,d8:32:14:45:a0:71,-33.0,04:99:bb:d8:6e:2e,1748350751.1542192
2025-05-27 13:59:11,d8:32:14:45:a0:71,-33.0,04:99:bb:d8:6e:2e,1748350751.1569216
2025-05-27 13:59:11,d8:32:14:45:a0:71,-34.0,04:99:bb:d8:6e:2e,1748350751.2106724
2025-05-27 13:59:11,d8:32:14:45:a0:71,-35.0,04:99:bb:d8:6e:2e,1748350751.2666786
2025-05-27 13:59:11,d8:32:14:45:a0:71,-33.0,04:99:bb:d8:6e:2e,1748350751.2701707
2025-05-27 13:59:11,d8:32:14:45:a0:71,-34.0,04:99:bb:d8:6e:2e,1748350751.275856
2025-05-27 13:59:11,d8:32:14:45:a0:71,-32.0,04:99:bb:d8:6e:2e,1748350751.279593
2025-05-27 13:59:11,d8:32:14:45:a0:71,-34.0,04:99:bb:d8:6e:2e,1748350751.2870648
2025-05-27 13:59:11,d8:32:14:45:a0:71,-53.0,04:99:bb:d8:6e:2e,1748350751.475946
2025-05-27 13:59:13,d8:32:14:45:a0:71,-38.0,04:99:bb:d8:6e:2e,1748350753.4152737
2025-05-27 13:59:13,d8:32:14:45:a0:71,-36.0,04:99:bb:d8:6e:2e,1748350753.4195316
2025-05-27 13:59:13,d8:32:14:45:a0:71,-42.0,04:99:bb:d8:6e:2e,1748350753.620449
2025-05-27 13:59:14,d8:32:14:45:a0:71,-46.0,04:99:bb:d8:6e:2e,1748350754.8063138
2025-05-27 13:59:14,d8:32:14:45:a0:71,-43.0,04:99:bb:d8:6e:2e,1748350754.807998
2025-05-27 13:59:14,d8:32:14:45:a0:71,-42.0,04:99:bb:d8:6e:2e,1748350754.8098278
2025-05-27 13:59:14,d8:32:14:45:a0:71,-42.0,04:99:bb:d8:6e:2e,1748350754.8183978
2025-05-27 13:59:14,d8:32:14:45:a0:71,-37.0,04:99:bb:d8:6e:2e,1748350754.8818173
2025-05-27 13:59:15,d8:32:14:45:a0:71,-36.0,04:99:bb:d8:6e:2e,1748350755.6195211
2025-05-27 13:59:15,d8:32:14:45:a0:71,-34.0,04:99:bb:d8:6e:2e,1748350755.6215065
2025-05-27 13:59:15,d8:32:14:45:a0:71,-34.0,04:99:bb:d8:6e:2e,1748350755.6224513
2025-05-27 13:59:15,d8:32:14:45:a0:71,-33.0,04:99:bb:d8:6e:2e,1748350755.6240985
2025-05-27 13:59:15,d8:32:14:45:a0:71,-36.0,04:99:bb:d8:6e:2e,1748350755.6259146
2025-05-27 13:59:15,d8:32:14:45:a0:71,-35.0,04:99:bb:d8:6e:2e,1748350755.6284974
2025-05-27 13:59:15,d8:32:14:45:a0:71,-36.0,04:99:bb:d8:6e:2e,1748350755.6877835
2025-05-27 13:59:15,d8:32:14:45:a0:71,-39.0,04:99:bb:d8:6e:2e,1748350755.7584114
2025-05-27 13:59:15,d8:32:14:45:a0:71,-34.0,04:99:bb:d8:6e:2e,1748350755.7601516
2025-05-27 13:59:15,d8:32:14:45:a0:71,-34.0,04:99:bb:d8:6e:2e,1748350755.7618058
2025-05-27 13:59:15,d8:32:14:45:a0:71,-35.0,04:99:bb:d8:6e:2e,1748350755.7636046
2025-05-27 13:59:15,d8:32:14:45:a0:71,-36.0,04:99:bb:d8:6e:2e,1748350755.765405
2025-05-27 13:59:15,d8:32:14:45:a0:71,-36.0,04:99:bb:d8:6e:2e,1748350755.7670362
2025-05-27 13:59:15,d8:32:14:45:a0:71,-36.0,04:99:bb:d8:6e:2e,1748350755.7688222
2025-05-27 13:59:15,d8:32:14:45:a0:71,-35.0,04:99:bb:d8:6e:2e,1748350755.7705534
2025-05-27 13:59:15,d8:32:14:45:a0:71,-36.0,04:99:bb:d8:6e:2e,1748350755.771549
2025-05-27 13:59:15,d8:32:14:45:a0:71,-37.0,04:99:bb:d8:6e:2e,1748350755.7735667
2025-05-27 13:59:15,d8:32:14:45:a0:71,-37.0,04:99:bb:d8:6e:2e,1748350755.9614959
2025-05-27 13:59:21,d8:32:14:45:a0:71,-34.0,04:99:bb:d8:6e:2e,1748350761.3103943
2025-05-27 13:59:21,d8:32:14:45:a0:71,-29.0,04:99:bb:d8:6e:2e,1748350761.312946
2025-05-27 13:59:21,d8:32:14:45:a0:71,-37.0,04:99:bb:d8:6e:2e,1748350761.5088015
2025-05-27 13:59:22,d8:32:14:45:a0:71,-47.0,04:99:bb:d8:6e:2e,1748350762.3459697
2025-05-27 13:59:22,d8:32:14:45:a0:71,-44.0,04:99:bb:d8:6e:2e,1748350762.3496249
2025-05-27 13:59:22,d8:32:14:45:a0:71,-50.0,04:99:bb:d8:6e:2e,1748350762.5308278
2025-05-27 13:59:24,d8:32:14:45:a0:71,-39.0,04:99:bb:d8:6e:2e,1748350764.3832934
2025-05-27 13:59:24,d8:32:14:45:a0:71,-36.0,04:99:bb:d8:6e:2e,1748350764.385189
2025-05-27 13:59:24,d8:32:14:45:a0:71,-39.0,04:99:bb:d8:6e:2e,1748350764.578937
2025-05-27 13:59:24,d8:32:14:45:a0:71,-35.0,04:99:bb:d8:6e:2e,1748350764.6792107
2025-05-27 13:59:24,d8:32:14:45:a0:71,-36.0,04:99:bb:d8:6e:2e,1748350764.7706165
2025-05-27 13:59:24,d8:32:14:45:a0:71,-54.0,04:99:bb:d8:6e:2e,1748350764.8299773
2025-05-27 13:59:25,d8:32:14:45:a0:71,-40.0,04:99:bb:d8:6e:2e,1748350765.2953196
2025-05-27 13:59:25,d8:32:14:45:a0:71,-38.0,04:99:bb:d8:6e:2e,1748350765.2973285
2025-05-27 13:59:25,d8:32:14:45:a0:71,-33.0,04:99:bb:d8:6e:2e,1748350765.3551848
2025-05-27 13:59:26,d8:32:14:45:a0:71,-36.0,04:99:bb:d8:6e:2e,1748350766.308979
2025-05-27 13:59:26,d8:32:14:45:a0:71,-35.0,04:99:bb:d8:6e:2e,1748350766.3108974
2025-05-27 13:59:26,d8:32:14:45:a0:71,-35.0,04:99:bb:d8:6e:2e,1748350766.3131597
2025-05-27 13:59:26,d8:32:14:45:a0:71,-35.0,04:99:bb:d8:6e:2e,1748350766.315117
2025-05-27 13:59:26,d8:32:14:45:a0:71,-34.0,04:99:bb:d8:6e:2e,1748350766.3435986
2025-05-27 13:59:26,d8:32:14:45:a0:71,-34.0,04:99:bb:d8:6e:2e,1748350766.3455844
2025-05-27 13:59:26,d8:32:14:45:a0:71,-40.0,04:99:bb:d8:6e:2e,1748350766.4067736
2025-05-27 13:59:27,d8:32:14:45:a0:71,-28.0,04:99:bb:d8:6e:2e,1748350767.7166722
2025-05-27 13:59:27,d8:32:14:45:a0:71,-26.0,04:99:bb:d8:6e:2e,1748350767.7192554
2025-05-27 13:59:27,d8:32:14:45:a0:71,-24.0,04:99:bb:d8:6e:2e,1748350767.7218263
2025-05-27 13:59:27,d8:32:14:45:a0:71,-23.0,04:99:bb:d8:6e:2e,1748350767.7267227
2025-05-27 13:59:27,d8:32:14:45:a0:71,-25.0,04:99:bb:d8:6e:2e,1748350767.7293851
2025-05-27 13:59:27,d8:32:14:45:a0:71,-31.0,04:99:bb:d8:6e:2e,1748350767.7753491
2025-05-27 13:59:28,d8:32:14:45:a0:71,-37.0,04:99:bb:d8:6e:2e,1748350768.3663006
2025-05-27 13:59:28,d8:32:14:45:a0:71,-35.0,04:99:bb:d8:6e:2e,1748350768.3719127
2025-05-27 13:59:28,d8:32:14:45:a0:71,-52.0,04:99:bb:d8:6e:2e,1748350768.5709946
2025-05-27 13:59:28,d8:32:14:45:a0:71,-46.0,04:99:bb:d8:6e:2e,1748350768.7137246
2025-05-27 13:59:28,d8:32:14:45:a0:71,-43.0,04:99:bb:d8:6e:2e,1748350768.7156446
2025-05-27 13:59:28,d8:32:14:45:a0:71,-42.0,04:99:bb:d8:6e:2e,1748350768.7176502
2025-05-27 13:59:28,d8:32:14:45:a0:71,-44.0,04:99:bb:d8:6e:2e,1748350768.77988
2025-05-27 13:59:29,d8:32:14:45:a0:71,-31.0,04:99:bb:d8:6e:2e,1748350769.7141428
2025-05-27 13:59:29,d8:32:14:45:a0:71,-30.0,04:99:bb:d8:6e:2e,1748350769.7160676
2025-05-27 13:59:29,d8:32:14:45:a0:71,-28.0,04:99:bb:d8:6e:2e,1748350769.7180817
2025-05-27 13:59:29,d8:32:14:45:a0:71,-32.0,04:99:bb:d8:6e:2e,1748350769.776026
2025-05-27 13:59:30,d8:32:14:45:a0:71,-42.0,04:99:bb:d8:6e:2e,1748350770.713342
2025-05-27 13:59:30,d8:32:14:45:a0:71,-40.0,04:99:bb:d8:6e:2e,1748350770.715493
2025-05-27 13:59:30,d8:32:14:45:a0:71,-39.0,04:99:bb:d8:6e:2e,1748350770.7175593
2025-05-27 13:59:30,d8:32:14:45:a0:71,-35.0,04:99:bb:d8:6e:2e,1748350770.7752125
2025-05-27 13:59:31,d8:32:14:45:a0:71,-53.0,04:99:bb:d8:6e:2e,1748350771.7776504
2025-05-27 13:59:32,d8:32:14:45:a0:71,-42.0,04:99:bb:d8:6e:2e,1748350772.7171698
2025-05-27 13:59:32,d8:32:14:45:a0:71,-40.0,04:99:bb:d8:6e:2e,1748350772.7792795
2025-05-27 13:59:34,d8:32:14:45:a0:71,-41.0,04:99:bb:d8:6e:2e,1748350774.7187152
2025-05-27 13:59:34,d8:32:14:45:a0:71,-40.0,04:99:bb:d8:6e:2e,1748350774.7206726
2025-05-27 13:59:34,d8:32:14:45:a0:71,-40.0,04:99:bb:d8:6e:2e,1748350774.7226653
2025-05-27 13:59:34,d8:32:14:45:a0:71,-39.0,04:99:bb:d8:6e:2e,1748350774.7803051
2025-05-27 13:59:34,d8:32:14:45:a0:71,-41.0,04:99:bb:d8:6e:2e,1748350774.8297377
2025-05-27 13:59:34,d8:32:14:45:a0:71,-39.0,04:99:bb:d8:6e:2e,1748350774.831653
2025-05-27 13:59:34,d8:32:14:45:a0:71,-38.0,04:99:bb:d8:6e:2e,1748350774.8336287
2025-05-27 13:59:34,d8:32:14:45:a0:71,-36.0,04:99:bb:d8:6e:2e,1748350774.8390229
2025-05-27 13:59:34,d8:32:14:45:a0:71,-41.0,04:99:bb:d8:6e:2e,1748350774.9012787
2025-05-27 13:59:36,d8:32:14:45:a0:71,-36.0,04:99:bb:d8:6e:2e,1748350776.3530617
2025-05-27 13:59:36,d8:32:14:45:a0:71,-33.0,04:99:bb:d8:6e:2e,1748350776.3548205
2025-05-27 13:59:36,d8:32:14:45:a0:71,-35.0,04:99:bb:d8:6e:2e,1748350776.3557315
2025-05-27 13:59:36,d8:32:14:45:a0:71,-35.0,04:99:bb:d8:6e:2e,1748350776.558829
2025-05-27 13:59:37,d8:32:14:45:a0:71,-36.0,04:99:bb:d8:6e:2e,1748350777.376919
2025-05-27 13:59:37,d8:32:14:45:a0:71,-33.0,04:99:bb:d8:6e:2e,1748350777.3789222
2025-05-27 13:59:37,d8:32:14:45:a0:71,-51.0,04:99:bb:d8:6e:2e,1748350777.5820487
2025-05-27 13:59:39,d8:32:14:45:a0:71,-39.0,04:99:bb:d8:6e:2e,1748350779.3508205
2025-05-27 13:59:39,d8:32:14:45:a0:71,-36.0,04:99:bb:d8:6e:2e,1748350779.3528302
2025-05-27 13:59:39,d8:32:14:45:a0:71,-45.0,04:99:bb:d8:6e:2e,1748350779.5277526
2025-05-27 13:59:43,d8:32:14:45:a0:71,-38.0,04:99:bb:d8:6e:2e,1748350783.4189143
2025-05-27 13:59:43,d8:32:14:45:a0:71,-37.0,04:99:bb:d8:6e:2e,1748350783.4209752
2025-05-27 13:59:43,d8:32:14:45:a0:71,-37.0,04:99:bb:d8:6e:2e,1748350783.422067
2025-05-27 13:59:43,d8:32:14:45:a0:71,-37.0,04:99:bb:d8:6e:2e,1748350783.423115
2025-05-27 13:59:43,d8:32:14:45:a0:71,-35.0,04:99:bb:d8:6e:2e,1748350783.6237118
2025-05-27 13:59:45,d8:32:14:45:a0:71,-35.0,04:99:bb:d8:6e:2e,1748350785.6327243
2025-05-27 13:59:45,d8:32:14:45:a0:71,-35.0,04:99:bb:d8:6e:2e,1748350785.6336708
2025-05-27 13:59:45,d8:32:14:45:a0:71,-36.0,04:99:bb:d8:6e:2e,1748350785.6355538
2025-05-27 13:59:45,d8:32:14:45:a0:71,-36.0,04:99:bb:d8:6e:2e,1748350785.6373887
2025-05-27 13:59:45,d8:32:14:45:a0:71,-39.0,04:99:bb:d8:6e:2e,1748350785.6909096
2025-05-27 13:59:45,d8:32:14:45:a0:71,-39.0,04:99:bb:d8:6e:2e,1748350785.7737093
2025-05-27 13:59:45,d8:32:14:45:a0:71,-34.0,04:99:bb:d8:6e:2e,1748350785.7754464
2025-05-27 13:59:45,d8:32:14:45:a0:71,-37.0,04:99:bb:d8:6e:2e,1748350785.7771168
2025-05-27 13:59:45,d8:32:14:45:a0:71,-36.0,04:99:bb:d8:6e:2e,1748350785.7789333
2025-05-27 13:59:45,d8:32:14:45:a0:71,-35.0,04:99:bb:d8:6e:2e,1748350785.7816246
2025-05-27 13:59:45,d8:32:14:45:a0:71,-37.0,04:99:bb:d8:6e:2e,1748350785.7836835
2025-05-27 13:59:45,d8:32:14:45:a0:71,-46.0,04:99:bb:d8:6e:2e,1748350785.9829838
2025-05-27 13:59:46,d8:32:14:45:a0:71,-40.0,04:99:bb:d8:6e:2e,1748350786.315582
2025-05-27 13:59:46,d8:32:14:45:a0:71,-38.0,04:99:bb:d8:6e:2e,1748350786.317263
2025-05-27 13:59:46,d8:32:14:45:a0:71,-37.0,04:99:bb:d8:6e:2e,1748350786.3190937
2025-05-27 13:59:46,d8:32:14:45:a0:71,-38.0,04:99:bb:d8:6e:2e,1748350786.3209014
2025-05-27 13:59:46,d8:32:14:45:a0:71,-47.0,04:99:bb:d8:6e:2e,1748350786.3775702
2025-05-27 13:59:51,d8:32:14:45:a0:71,-44.0,04:99:bb:d8:6e:2e,1748350791.1502798
2025-05-27 13:59:51,d8:32:14:45:a0:71,-43.0,04:99:bb:d8:6e:2e,1748350791.1521282
2025-05-27 13:59:51,d8:32:14:45:a0:71,-44.0,04:99:bb:d8:6e:2e,1748350791.153954
2025-05-27 13:59:51,d8:32:14:45:a0:71,-44.0,04:99:bb:d8:6e:2e,1748350791.3196578
2025-05-27 13:59:51,d8:32:14:45:a0:71,-42.0,04:99:bb:d8:6e:2e,1748350791.3214087
2025-05-27 13:59:51,d8:32:14:45:a0:71,-42.0,04:99:bb:d8:6e:2e,1748350791.3549678
2025-05-27 13:59:51,d8:32:14:45:a0:71,-42.0,04:99:bb:d8:6e:2e,1748350791.3576627
2025-05-27 13:59:51,d8:32:14:45:a0:71,-41.0,04:99:bb:d8:6e:2e,1748350791.3594573
2025-05-27 13:59:51,d8:32:14:45:a0:71,-36.0,04:99:bb:d8:6e:2e,1748350791.5091884
2025-05-27 13:59:52,d8:32:14:45:a0:71,-38.0,04:99:bb:d8:6e:2e,1748350792.3261092
2025-05-27 13:59:52,d8:32:14:45:a0:71,-36.0,04:99:bb:d8:6e:2e,1748350792.328095
2025-05-27 13:59:52,d8:32:14:45:a0:71,-34.0,04:99:bb:d8:6e:2e,1748350792.5326347
2025-05-27 13:59:52,d8:32:14:45:a0:71,-32.0,04:99:bb:d8:6e:2e,1748350792.9364045
2025-05-27 13:59:52,d8:32:14:45:a0:71,-26.0,04:99:bb:d8:6e:2e,1748350792.942461
2025-05-27 13:59:52,d8:32:14:45:a0:71,-29.0,04:99:bb:d8:6e:2e,1748350792.9451828
2025-05-27 13:59:52,d8:32:14:45:a0:71,-29.0,04:99:bb:d8:6e:2e,1748350792.9469936
2025-05-27 13:59:52,d8:32:14:45:a0:71,-29.0,04:99:bb:d8:6e:2e,1748350792.9486406
2025-05-27 13:59:52,d8:32:14:45:a0:71,-29.0,04:99:bb:d8:6e:2e,1748350792.9504762
2025-05-27 13:59:52,d8:32:14:45:a0:71,-29.0,04:99:bb:d8:6e:2e,1748350792.952237
2025-05-27 13:59:52,d8:32:14:45:a0:71,-27.0,04:99:bb:d8:6e:2e,1748350792.953974
2025-05-27 13:59:52,d8:32:14:45:a0:71,-29.0,04:99:bb:d8:6e:2e,1748350792.9557002
2025-05-27 13:59:52,d8:32:14:45:a0:71,-30.0,04:99:bb:d8:6e:2e,1748350792.9644558
2025-05-27 13:59:52,d8:32:14:45:a0:71,-29.0,04:99:bb:d8:6e:2e,1748350792.9672866
2025-05-27 13:59:52,d8:32:14:45:a0:71,-28.0,04:99:bb:d8:6e:2e,1748350792.9707875
2025-05-27 13:59:52,d8:32:14:45:a0:71,-30.0,04:99:bb:d8:6e:2e,1748350792.9878175
2025-05-27 13:59:52,d8:32:14:45:a0:71,-29.0,04:99:bb:d8:6e:2e,1748350792.9896605
2025-05-27 13:59:52,d8:32:14:45:a0:71,-29.0,04:99:bb:d8:6e:2e,1748350792.9938557
2025-05-27 13:59:53,d8:32:14:45:a0:71,-32.0,04:99:bb:d8:6e:2e,1748350793.0096095
2025-05-27 13:59:53,d8:32:14:45:a0:71,-31.0,04:99:bb:d8:6e:2e,1748350793.0114403
2025-05-27 13:59:53,d8:32:14:45:a0:71,-33.0,04:99:bb:d8:6e:2e,1748350793.0246136
2025-05-27 13:59:53,d8:32:14:45:a0:71,-34.0,04:99:bb:d8:6e:2e,1748350793.0472581
2025-05-27 13:59:53,d8:32:14:45:a0:71,-35.0,04:99:bb:d8:6e:2e,1748350793.0499787
2025-05-27 13:59:53,d8:32:14:45:a0:71,-36.0,04:99:bb:d8:6e:2e,1748350793.0518005
2025-05-27 13:59:53,d8:32:14:45:a0:71,-35.0,04:99:bb:d8:6e:2e,1748350793.05348
2025-05-27 13:59:53,d8:32:14:45:a0:71,-36.0,04:99:bb:d8:6e:2e,1748350793.0553148
2025-05-27 13:59:53,d8:32:14:45:a0:71,-36.0,04:99:bb:d8:6e:2e,1748350793.0571
2025-05-27 13:59:53,d8:32:14:45:a0:71,-34.0,04:99:bb:d8:6e:2e,1748350793.058939
2025-05-27 13:59:53,d8:32:14:45:a0:71,-33.0,04:99:bb:d8:6e:2e,1748350793.0610714
2025-05-27 13:59:53,d8:32:14:45:a0:71,-34.0,04:99:bb:d8:6e:2e,1748350793.062717
2025-05-27 13:59:53,d8:32:14:45:a0:71,-36.0,04:99:bb:d8:6e:2e,1748350793.0645187
2025-05-27 13:59:53,d8:32:14:45:a0:71,-36.0,04:99:bb:d8:6e:2e,1748350793.0663333
2025-05-27 13:59:53,d8:32:14:45:a0:71,-34.0,04:99:bb:d8:6e:2e,1748350793.0867612
2025-05-27 13:59:53,d8:32:14:45:a0:71,-34.0,04:99:bb:d8:6e:2e,1748350793.0886605
2025-05-27 13:59:53,d8:32:14:45:a0:71,-38.0,04:99:bb:d8:6e:2e,1748350793.0977316
2025-05-27 13:59:53,d8:32:14:45:a0:71,-31.0,04:99:bb:d8:6e:2e,1748350793.1741707
2025-05-27 13:59:53,d8:32:14:45:a0:71,-32.0,04:99:bb:d8:6e:2e,1748350793.175985
2025-05-27 13:59:53,d8:32:14:45:a0:71,-30.0,04:99:bb:d8:6e:2e,1748350793.1769075
2025-05-27 13:59:53,d8:32:14:45:a0:71,-30.0,04:99:bb:d8:6e:2e,1748350793.1785495
2025-05-27 13:59:53,d8:32:14:45:a0:71,-30.0,04:99:bb:d8:6e:2e,1748350793.1812274
2025-05-27 13:59:53,d8:32:14:45:a0:71,-31.0,04:99:bb:d8:6e:2e,1748350793.1830268
2025-05-27 13:59:53,d8:32:14:45:a0:71,-30.0,04:99:bb:d8:6e:2e,1748350793.189122
2025-05-27 13:59:53,d8:32:14:45:a0:71,-29.0,04:99:bb:d8:6e:2e,1748350793.1907797
2025-05-27 13:59:53,d8:32:14:45:a0:71,-28.0,04:99:bb:d8:6e:2e,1748350793.1925797
2025-05-27 13:59:53,d8:32:14:45:a0:71,-29.0,04:99:bb:d8:6e:2e,1748350793.1942978
2025-05-27 13:59:53,d8:32:14:45:a0:71,-29.0,04:99:bb:d8:6e:2e,1748350793.1960971
2025-05-27 13:59:53,d8:32:14:45:a0:71,-29.0,04:99:bb:d8:6e:2e,1748350793.1978357
2025-05-27 13:59:53,d8:32:14:45:a0:71,-28.0,04:99:bb:d8:6e:2e,1748350793.1996257
2025-05-27 13:59:53,d8:32:14:45:a0:71,-30.0,04:99:bb:d8:6e:2e,1748350793.2014086
2025-05-27 13:59:53,d8:32:14:45:a0:71,-29.0,04:99:bb:d8:6e:2e,1748350793.2030482
2025-05-27 13:59:53,d8:32:14:45:a0:71,-27.0,04:99:bb:d8:6e:2e,1748350793.2083182
2025-05-27 13:59:53,d8:32:14:45:a0:71,-29.0,04:99:bb:d8:6e:2e,1748350793.2105365
2025-05-27 13:59:53,d8:32:14:45:a0:71,-29.0,04:99:bb:d8:6e:2e,1748350793.2424984
2025-05-27 13:59:53,d8:32:14:45:a0:71,-29.0,04:99:bb:d8:6e:2e,1748350793.2500966
2025-05-27 13:59:53,d8:32:14:45:a0:71,-32.0,04:99:bb:d8:6e:2e,1748350793.2661178
2025-05-27 13:59:53,d8:32:14:45:a0:71,-33.0,04:99:bb:d8:6e:2e,1748350793.2680223
2025-05-27 13:59:53,d8:32:14:45:a0:71,-32.0,04:99:bb:d8:6e:2e,1748350793.269854
2025-05-27 13:59:53,d8:32:14:45:a0:71,-31.0,04:99:bb:d8:6e:2e,1748350793.3557625
2025-05-27 13:59:53,d8:32:14:45:a0:71,-31.0,04:99:bb:d8:6e:2e,1748350793.3591187
2025-05-27 13:59:53,d8:32:14:45:a0:71,-30.0,04:99:bb:d8:6e:2e,1748350793.3623843
2025-05-27 13:59:53,d8:32:14:45:a0:71,-30.0,04:99:bb:d8:6e:2e,1748350793.364189
2025-05-27 13:59:53,d8:32:14:45:a0:71,-30.0,04:99:bb:d8:6e:2e,1748350793.3684955
2025-05-27 13:59:53,d8:32:14:45:a0:71,-30.0,04:99:bb:d8:6e:2e,1748350793.371952
2025-05-27 13:59:53,d8:32:14:45:a0:71,-30.0,04:99:bb:d8:6e:2e,1748350793.3729134
2025-05-27 13:59:53,d8:32:14:45:a0:71,-30.0,04:99:bb:d8:6e:2e,1748350793.3748
2025-05-27 13:59:53,d8:32:14:45:a0:71,-30.0,04:99:bb:d8:6e:2e,1748350793.376665
2025-05-27 13:59:53,d8:32:14:45:a0:71,-30.0,04:99:bb:d8:6e:2e,1748350793.378719
2025-05-27 13:59:53,d8:32:14:45:a0:71,-30.0,04:99:bb:d8:6e:2e,1748350793.3816705
2025-05-27 13:59:53,d8:32:14:45:a0:71,-34.0,04:99:bb:d8:6e:2e,1748350793.6586037
2025-05-27 13:59:53,d8:32:14:45:a0:71,-32.0,04:99:bb:d8:6e:2e,1748350793.660368
2025-05-27 13:59:53,d8:32:14:45:a0:71,-31.0,04:99:bb:d8:6e:2e,1748350793.720285
2025-05-27 13:59:53,d8:32:14:45:a0:71,-30.0,04:99:bb:d8:6e:2e,1748350793.8652132
2025-05-27 13:59:53,d8:32:14:45:a0:71,-29.0,04:99:bb:d8:6e:2e,1748350793.8669462
2025-05-27 13:59:54,d8:32:14:45:a0:71,-33.0,04:99:bb:d8:6e:2e,1748350794.3764536
2025-05-27 13:59:54,d8:32:14:45:a0:71,-43.0,04:99:bb:d8:6e:2e,1748350794.5828784
2025-05-27 13:59:54,d8:32:14:45:a0:71,-33.0,04:99:bb:d8:6e:2e,1748350794.8285787
2025-05-27 13:59:54,d8:32:14:45:a0:71,-40.0,04:99:bb:d8:6e:2e,1748350794.8903246
2025-05-27 13:59:58,d8:32:14:45:a0:71,-34.0,04:99:bb:d8:6e:2e,1748350798.3965816
2025-05-27 13:59:58,d8:32:14:45:a0:71,-34.0,04:99:bb:d8:6e:2e,1748350798.3983738
2025-05-27 13:59:58,d8:32:14:45:a0:71,-31.0,04:99:bb:d8:6e:2e,1748350798.576671
2025-05-27 14:00:06,d8:32:14:45:a0:71,-37.0,04:99:bb:d8:6e:2e,1748350806.3272097
2025-05-27 14:00:06,d8:32:14:45:a0:71,-40.0,04:99:bb:d8:6e:2e,1748350806.9082742
2025-05-27 14:00:06,d8:32:14:45:a0:71,-40.0,04:99:bb:d8:6e:2e,1748350806.909957
2025-05-27 14:00:06,d8:32:14:45:a0:71,-39.0,04:99:bb:d8:6e:2e,1748350806.9117723
2025-05-27 14:00:06,d8:32:14:45:a0:71,-40.0,04:99:bb:d8:6e:2e,1748350806.937113
2025-05-27 14:00:06,d8:32:14:45:a0:71,-40.0,04:99:bb:d8:6e:2e,1748350806.9380565
2025-05-27 14:00:06,d8:32:14:45:a0:71,-40.0,04:99:bb:d8:6e:2e,1748350806.938977
2025-05-27 14:00:06,d8:32:14:45:a0:71,-38.0,04:99:bb:d8:6e:2e,1748350806.9406383
2025-05-27 14:00:06,d8:32:14:45:a0:71,-37.0,04:99:bb:d8:6e:2e,1748350806.9424756
2025-05-27 14:00:06,d8:32:14:45:a0:71,-40.0,04:99:bb:d8:6e:2e,1748350806.9445603
2025-05-27 14:00:06,d8:32:14:45:a0:71,-40.0,04:99:bb:d8:6e:2e,1748350806.945502
2025-05-27 14:00:06,d8:32:14:45:a0:71,-38.0,04:99:bb:d8:6e:2e,1748350806.9464095
2025-05-27 14:00:06,d8:32:14:45:a0:71,-40.0,04:99:bb:d8:6e:2e,1748350806.9473116
2025-05-27 14:00:06,d8:32:14:45:a0:71,-37.0,04:99:bb:d8:6e:2e,1748350806.948212
2025-05-27 14:00:06,d8:32:14:45:a0:71,-40.0,04:99:bb:d8:6e:2e,1748350806.9491186
2025-05-27 14:00:06,d8:32:14:45:a0:71,-40.0,04:99:bb:d8:6e:2e,1748350806.9499557
2025-05-27 14:00:06,d8:32:14:45:a0:71,-40.0,04:99:bb:d8:6e:2e,1748350806.9746466
2025-05-27 14:00:06,d8:32:14:45:a0:71,-40.0,04:99:bb:d8:6e:2e,1748350806.9773989
2025-05-27 14:00:06,d8:32:14:45:a0:71,-41.0,04:99:bb:d8:6e:2e,1748350806.978342
2025-05-27 14:00:06,d8:32:14:45:a0:71,-40.0,04:99:bb:d8:6e:2e,1748350806.9791985
2025-05-27 14:00:06,d8:32:14:45:a0:71,-40.0,04:99:bb:d8:6e:2e,1748350806.9934843
2025-05-27 14:00:07,d8:32:14:45:a0:71,-40.0,04:99:bb:d8:6e:2e,1748350807.0018563
2025-05-27 14:00:07,d8:32:14:45:a0:71,-40.0,04:99:bb:d8:6e:2e,1748350807.0037217
2025-05-27 14:00:07,d8:32:14:45:a0:71,-39.0,04:99:bb:d8:6e:2e,1748350807.0046406
2025-05-27 14:00:07,d8:32:14:45:a0:71,-40.0,04:99:bb:d8:6e:2e,1748350807.0055687
2025-05-27 14:00:07,d8:32:14:45:a0:71,-40.0,04:99:bb:d8:6e:2e,1748350807.0074046
2025-05-27 14:00:07,d8:32:14:45:a0:71,-40.0,04:99:bb:d8:6e:2e,1748350807.0083513
2025-05-27 14:00:07,d8:32:14:45:a0:71,-39.0,04:99:bb:d8:6e:2e,1748350807.0092869
2025-05-27 14:00:07,d8:32:14:45:a0:71,-41.0,04:99:bb:d8:6e:2e,1748350807.014694
2025-05-27 14:00:07,d8:32:14:45:a0:71,-40.0,04:99:bb:d8:6e:2e,1748350807.0156455
2025-05-27 14:00:07,d8:32:14:45:a0:71,-40.0,04:99:bb:d8:6e:2e,1748350807.0164979
2025-05-27 14:00:07,d8:32:14:45:a0:71,-37.0,04:99:bb:d8:6e:2e,1748350807.0174212
2025-05-27 14:00:07,d8:32:14:45:a0:71,-37.0,04:99:bb:d8:6e:2e,1748350807.0183392
2025-05-27 14:00:07,d8:32:14:45:a0:71,-40.0,04:99:bb:d8:6e:2e,1748350807.0578952
2025-05-27 14:00:07,d8:32:14:45:a0:71,-40.0,04:99:bb:d8:6e:2e,1748350807.0704832
2025-05-27 14:00:07,d8:32:14:45:a0:71,-40.0,04:99:bb:d8:6e:2e,1748350807.0809557
2025-05-27 14:00:07,d8:32:14:45:a0:71,-40.0,04:99:bb:d8:6e:2e,1748350807.0844917
2025-05-27 14:00:07,d8:32:14:45:a0:71,-41.0,04:99:bb:d8:6e:2e,1748350807.0854461
2025-05-27 14:00:07,d8:32:14:45:a0:71,-40.0,04:99:bb:d8:6e:2e,1748350807.0863874
2025-05-27 14:00:07,d8:32:14:45:a0:71,-37.0,04:99:bb:d8:6e:2e,1748350807.087308
2025-05-27 14:00:07,d8:32:14:45:a0:71,-41.0,04:99:bb:d8:6e:2e,1748350807.0905812
2025-05-27 14:00:07,d8:32:14:45:a0:71,-41.0,04:99:bb:d8:6e:2e,1748350807.0992517
2025-05-27 14:00:07,d8:32:14:45:a0:71,-40.0,04:99:bb:d8:6e:2e,1748350807.1012995
2025-05-27 14:00:07,d8:32:14:45:a0:71,-40.0,04:99:bb:d8:6e:2e,1748350807.106554
2025-05-27 14:00:07,d8:32:14:45:a0:71,-41.0,04:99:bb:d8:6e:2e,1748350807.109187
2025-05-27 14:00:07,d8:32:14:45:a0:71,-41.0,04:99:bb:d8:6e:2e,1748350807.1110523
2025-05-27 14:00:07,d8:32:14:45:a0:71,-40.0,04:99:bb:d8:6e:2e,1748350807.1128533
2025-05-27 14:00:07,d8:32:14:45:a0:71,-41.0,04:99:bb:d8:6e:2e,1748350807.1146028
2025-05-27 14:00:07,d8:32:14:45:a0:71,-42.0,04:99:bb:d8:6e:2e,1748350807.1350186
2025-05-27 14:00:07,d8:32:14:45:a0:71,-42.0,04:99:bb:d8:6e:2e,1748350807.1360235
2025-05-27 14:00:07,d8:32:14:45:a0:71,-41.0,04:99:bb:d8:6e:2e,1748350807.1369743
2025-05-27 14:00:07,d8:32:14:45:a0:71,-41.0,04:99:bb:d8:6e:2e,1748350807.1431544
2025-05-27 14:00:07,d8:32:14:45:a0:71,-41.0,04:99:bb:d8:6e:2e,1748350807.1449795
2025-05-27 14:00:07,d8:32:14:45:a0:71,-42.0,04:99:bb:d8:6e:2e,1748350807.1459064
2025-05-27 14:00:07,d8:32:14:45:a0:71,-42.0,04:99:bb:d8:6e:2e,1748350807.147088
2025-05-27 14:00:07,d8:32:14:45:a0:71,-42.0,04:99:bb:d8:6e:2e,1748350807.151183
2025-05-27 14:00:07,d8:32:14:45:a0:71,-41.0,04:99:bb:d8:6e:2e,1748350807.1554713
2025-05-27 14:00:07,d8:32:14:45:a0:71,-43.0,04:99:bb:d8:6e:2e,1748350807.1572776
2025-05-27 14:00:07,d8:32:14:45:a0:71,-42.0,04:99:bb:d8:6e:2e,1748350807.158939
2025-05-27 14:00:07,d8:32:14:45:a0:71,-43.0,04:99:bb:d8:6e:2e,1748350807.159868
2025-05-27 14:00:07,d8:32:14:45:a0:71,-42.0,04:99:bb:d8:6e:2e,1748350807.1608143
2025-05-27 14:00:07,d8:32:14:45:a0:71,-43.0,04:99:bb:d8:6e:2e,1748350807.161757
2025-05-27 14:00:07,d8:32:14:45:a0:71,-43.0,04:99:bb:d8:6e:2e,1748350807.1626835
2025-05-27 14:00:07,d8:32:14:45:a0:71,-42.0,04:99:bb:d8:6e:2e,1748350807.1635997
2025-05-27 14:00:07,d8:32:14:45:a0:71,-43.0,04:99:bb:d8:6e:2e,1748350807.1645076
2025-05-27 14:00:07,d8:32:14:45:a0:71,-43.0,04:99:bb:d8:6e:2e,1748350807.1654246
2025-05-27 14:00:07,d8:32:14:45:a0:71,-43.0,04:99:bb:d8:6e:2e,1748350807.1663303
2025-05-27 14:00:07,d8:32:14:45:a0:71,-43.0,04:99:bb:d8:6e:2e,1748350807.1671622
2025-05-27 14:00:07,d8:32:14:45:a0:71,-42.0,04:99:bb:d8:6e:2e,1748350807.1680632
2025-05-27 14:00:07,d8:32:14:45:a0:71,-43.0,04:99:bb:d8:6e:2e,1748350807.1692371
2025-05-27 14:00:07,d8:32:14:45:a0:71,-42.0,04:99:bb:d8:6e:2e,1748350807.1709483
2025-05-27 14:00:07,d8:32:14:45:a0:71,-42.0,04:99:bb:d8:6e:2e,1748350807.17185
2025-05-27 14:00:07,d8:32:14:45:a0:71,-42.0,04:99:bb:d8:6e:2e,1748350807.1727455
2025-05-27 14:00:07,d8:32:14:45:a0:71,-43.0,04:99:bb:d8:6e:2e,1748350807.173659
2025-05-27 14:00:07,d8:32:14:45:a0:71,-43.0,04:99:bb:d8:6e:2e,1748350807.1745632
2025-05-27 14:00:07,d8:32:14:45:a0:71,-43.0,04:99:bb:d8:6e:2e,1748350807.1763313
2025-05-27 14:00:07,d8:32:14:45:a0:71,-42.0,04:99:bb:d8:6e:2e,1748350807.1772609
2025-05-27 14:00:07,d8:32:14:45:a0:71,-43.0,04:99:bb:d8:6e:2e,1748350807.178185
2025-05-27 14:00:07,d8:32:14:45:a0:71,-44.0,04:99:bb:d8:6e:2e,1748350807.1790278
2025-05-27 14:00:07,d8:32:14:45:a0:71,-43.0,04:99:bb:d8:6e:2e,1748350807.1834528
2025-05-27 14:00:07,d8:32:14:45:a0:71,-43.0,04:99:bb:d8:6e:2e,1748350807.1843805
2025-05-27 14:00:07,d8:32:14:45:a0:71,-43.0,04:99:bb:d8:6e:2e,1748350807.185241
2025-05-27 14:00:07,d8:32:14:45:a0:71,-44.0,04:99:bb:d8:6e:2e,1748350807.1887627
2025-05-27 14:00:07,d8:32:14:45:a0:71,-44.0,04:99:bb:d8:6e:2e,1748350807.1897223
2025-05-27 14:00:07,d8:32:14:45:a0:71,-44.0,04:99:bb:d8:6e:2e,1748350807.1906455
2025-05-27 14:00:07,d8:32:14:45:a0:71,-44.0,04:99:bb:d8:6e:2e,1748350807.1927798
2025-05-27 14:00:07,d8:32:14:45:a0:71,-43.0,04:99:bb:d8:6e:2e,1748350807.1945043
2025-05-27 14:00:07,d8:32:14:45:a0:71,-45.0,04:99:bb:d8:6e:2e,1748350807.198869
2025-05-27 14:00:07,d8:32:14:45:a0:71,-46.0,04:99:bb:d8:6e:2e,1748350807.2023408
2025-05-27 14:00:07,d8:32:14:45:a0:71,-46.0,04:99:bb:d8:6e:2e,1748350807.2033467
2025-05-27 14:00:07,d8:32:14:45:a0:71,-45.0,04:99:bb:d8:6e:2e,1748350807.204215
2025-05-27 14:00:07,d8:32:14:45:a0:71,-45.0,04:99:bb:d8:6e:2e,1748350807.2094648
2025-05-27 14:00:07,d8:32:14:45:a0:71,-46.0,04:99:bb:d8:6e:2e,1748350807.2103853
2025-05-27 14:00:07,d8:32:14:45:a0:71,-45.0,04:99:bb:d8:6e:2e,1748350807.2113004
2025-05-27 14:00:07,d8:32:14:45:a0:71,-46.0,04:99:bb:d8:6e:2e,1748350807.2134824
2025-05-27 14:00:07,d8:32:14:45:a0:71,-46.0,04:99:bb:d8:6e:2e,1748350807.2188213
2025-05-27 14:00:07,d8:32:14:45:a0:71,-47.0,04:99:bb:d8:6e:2e,1748350807.2197425
2025-05-27 14:00:07,d8:32:14:45:a0:71,-48.0,04:99:bb:d8:6e:2e,1748350807.2214942
2025-05-27 14:00:07,d8:32:14:45:a0:71,-46.0,04:99:bb:d8:6e:2e,1748350807.225138
2025-05-27 14:00:07,d8:32:14:45:a0:71,-46.0,04:99:bb:d8:6e:2e,1748350807.226815
2025-05-27 14:00:07,d8:32:14:45:a0:71,-46.0,04:99:bb:d8:6e:2e,1748350807.2277486
2025-05-27 14:00:07,d8:32:14:45:a0:71,-47.0,04:99:bb:d8:6e:2e,1748350807.228694
2025-05-27 14:00:07,d8:32:14:45:a0:71,-47.0,04:99:bb:d8:6e:2e,1748350807.231511
2025-05-27 14:00:07,d8:32:14:45:a0:71,-47.0,04:99:bb:d8:6e:2e,1748350807.232443
2025-05-27 14:00:07,d8:32:14:45:a0:71,-48.0,04:99:bb:d8:6e:2e,1748350807.233376
2025-05-27 14:00:07,d8:32:14:45:a0:71,-47.0,04:99:bb:d8:6e:2e,1748350807.2362278
2025-05-27 14:00:07,d8:32:14:45:a0:71,-48.0,04:99:bb:d8:6e:2e,1748350807.2371955
2025-05-27 14:00:07,d8:32:14:45:a0:71,-49.0,04:99:bb:d8:6e:2e,1748350807.2390494
2025-05-27 14:00:07,d8:32:14:45:a0:71,-47.0,04:99:bb:d8:6e:2e,1748350807.239892
2025-05-27 14:00:07,d8:32:14:45:a0:71,-48.0,04:99:bb:d8:6e:2e,1748350807.2417033
2025-05-27 14:00:07,d8:32:14:45:a0:71,-47.0,04:99:bb:d8:6e:2e,1748350807.2426357
2025-05-27 14:00:07,d8:32:14:45:a0:71,-47.0,04:99:bb:d8:6e:2e,1748350807.2444353
2025-05-27 14:00:07,d8:32:14:45:a0:71,-48.0,04:99:bb:d8:6e:2e,1748350807.2453606
2025-05-27 14:00:07,d8:32:14:45:a0:71,-47.0,04:99:bb:d8:6e:2e,1748350807.247123
2025-05-27 14:00:07,d8:32:14:45:a0:71,-47.0,04:99:bb:d8:6e:2e,1748350807.2524264
2025-05-27 14:00:07,d8:32:14:45:a0:71,-48.0,04:99:bb:d8:6e:2e,1748350807.255141
2025-05-27 14:00:07,d8:32:14:45:a0:71,-47.0,04:99:bb:d8:6e:2e,1748350807.2560906
2025-05-27 14:00:07,d8:32:14:45:a0:71,-47.0,04:99:bb:d8:6e:2e,1748350807.260661
2025-05-27 14:00:07,d8:32:14:45:a0:71,-47.0,04:99:bb:d8:6e:2e,1748350807.2633235
2025-05-27 14:00:07,d8:32:14:45:a0:71,-46.0,04:99:bb:d8:6e:2e,1748350807.2693002
2025-05-27 14:00:07,d8:32:14:45:a0:71,-48.0,04:99:bb:d8:6e:2e,1748350807.2711062
2025-05-27 14:00:07,d8:32:14:45:a0:71,-47.0,04:99:bb:d8:6e:2e,1748350807.272913
2025-05-27 14:00:07,d8:32:14:45:a0:71,-48.0,04:99:bb:d8:6e:2e,1748350807.2738261
2025-05-27 14:00:07,d8:32:14:45:a0:71,-47.0,04:99:bb:d8:6e:2e,1748350807.2746682
2025-05-27 14:00:07,d8:32:14:45:a0:71,-47.0,04:99:bb:d8:6e:2e,1748350807.2829027
2025-05-27 14:00:07,d8:32:14:45:a0:71,-47.0,04:99:bb:d8:6e:2e,1748350807.2838511
2025-05-27 14:00:07,d8:32:14:45:a0:71,-46.0,04:99:bb:d8:6e:2e,1748350807.289102
2025-05-27 14:00:07,d8:32:14:45:a0:71,-47.0,04:99:bb:d8:6e:2e,1748350807.2926931
2025-05-27 14:00:07,d8:32:14:45:a0:71,-46.0,04:99:bb:d8:6e:2e,1748350807.2944643
2025-05-27 14:00:07,d8:32:14:45:a0:71,-46.0,04:99:bb:d8:6e:2e,1748350807.2962837
2025-05-27 14:00:07,d8:32:14:45:a0:71,-46.0,04:99:bb:d8:6e:2e,1748350807.2972167
2025-05-27 14:00:07,d8:32:14:45:a0:71,-46.0,04:99:bb:d8:6e:2e,1748350807.3009658
2025-05-27 14:00:07,d8:32:14:45:a0:71,-46.0,04:99:bb:d8:6e:2e,1748350807.306083
2025-05-27 14:00:07,d8:32:14:45:a0:71,-46.0,04:99:bb:d8:6e:2e,1748350807.307899
2025-05-27 14:00:07,d8:32:14:45:a0:71,-46.0,04:99:bb:d8:6e:2e,1748350807.3088832
2025-05-27 14:00:07,d8:32:14:45:a0:71,-46.0,04:99:bb:d8:6e:2e,1748350807.3098485
2025-05-27 14:00:07,d8:32:14:45:a0:71,-46.0,04:99:bb:d8:6e:2e,1748350807.3107736
2025-05-27 14:00:07,d8:32:14:45:a0:71,-45.0,04:99:bb:d8:6e:2e,1748350807.3116233
2025-05-27 14:00:07,d8:32:14:45:a0:71,-45.0,04:99:bb:d8:6e:2e,1748350807.3185682
2025-05-27 14:00:07,d8:32:14:45:a0:71,-45.0,04:99:bb:d8:6e:2e,1748350807.3194368
2025-05-27 14:00:07,d8:32:14:45:a0:71,-45.0,04:99:bb:d8:6e:2e,1748350807.3203871
2025-05-27 14:00:07,d8:32:14:45:a0:71,-45.0,04:99:bb:d8:6e:2e,1748350807.3213391
2025-05-27 14:00:07,d8:32:14:45:a0:71,-45.0,04:99:bb:d8:6e:2e,1748350807.322189
2025-05-27 14:00:07,d8:32:14:45:a0:71,-45.0,04:99:bb:d8:6e:2e,1748350807.3293743
2025-05-27 14:00:07,d8:32:14:45:a0:71,-44.0,04:99:bb:d8:6e:2e,1748350807.3303115
2025-05-27 14:00:07,d8:32:14:45:a0:71,-45.0,04:99:bb:d8:6e:2e,1748350807.331183
2025-05-27 14:00:07,d8:32:14:45:a0:71,-45.0,04:99:bb:d8:6e:2e,1748350807.3338282
2025-05-27 14:00:07,d8:32:14:45:a0:71,-44.0,04:99:bb:d8:6e:2e,1748350807.3347566
2025-05-27 14:00:07,d8:32:14:45:a0:71,-45.0,04:99:bb:d8:6e:2e,1748350807.335673
2025-05-27 14:00:07,d8:32:14:45:a0:71,-44.0,04:99:bb:d8:6e:2e,1748350807.3365803
2025-05-27 14:00:07,d8:32:14:45:a0:71,-45.0,04:99:bb:d8:6e:2e,1748350807.3374257
2025-05-27 14:00:07,d8:32:14:45:a0:71,-44.0,04:99:bb:d8:6e:2e,1748350807.3434956
2025-05-27 14:00:07,d8:32:14:45:a0:71,-45.0,04:99:bb:d8:6e:2e,1748350807.345359
2025-05-27 14:00:07,d8:32:14:45:a0:71,-44.0,04:99:bb:d8:6e:2e,1748350807.3462756
2025-05-27 14:00:07,d8:32:14:45:a0:71,-44.0,04:99:bb:d8:6e:2e,1748350807.3496819
2025-05-27 14:00:07,d8:32:14:45:a0:71,-45.0,04:99:bb:d8:6e:2e,1748350807.3506463
2025-05-27 14:00:07,d8:32:14:45:a0:71,-45.0,04:99:bb:d8:6e:2e,1748350807.3516314
2025-05-27 14:00:07,d8:32:14:45:a0:71,-45.0,04:99:bb:d8:6e:2e,1748350807.356255
2025-05-27 14:00:07,d8:32:14:45:a0:71,-45.0,04:99:bb:d8:6e:2e,1748350807.357196
2025-05-27 14:00:07,d8:32:14:45:a0:71,-45.0,04:99:bb:d8:6e:2e,1748350807.3580472
2025-05-27 14:00:07,d8:32:14:45:a0:71,-44.0,04:99:bb:d8:6e:2e,1748350807.3641715
2025-05-27 14:00:07,d8:32:14:45:a0:71,-44.0,04:99:bb:d8:6e:2e,1748350807.3651152
2025-05-27 14:00:07,d8:32:14:45:a0:71,-44.0,04:99:bb:d8:6e:2e,1748350807.366082
2025-05-27 14:00:07,d8:32:14:45:a0:71,-42.0,04:99:bb:d8:6e:2e,1748350807.36703
2025-05-27 14:00:07,d8:32:14:45:a0:71,-44.0,04:99:bb:d8:6e:2e,1748350807.368003
2025-05-27 14:00:07,d8:32:14:45:a0:71,-44.0,04:99:bb:d8:6e:2e,1748350807.3726192
2025-05-27 14:00:07,d8:32:14:45:a0:71,-44.0,04:99:bb:d8:6e:2e,1748350807.3847888
2025-05-27 14:00:07,d8:32:14:45:a0:71,-44.0,04:99:bb:d8:6e:2e,1748350807.385752
2025-05-27 14:00:07,d8:32:14:45:a0:71,-44.0,04:99:bb:d8:6e:2e,1748350807.3868062
2025-05-27 14:00:07,d8:32:14:45:a0:71,-44.0,04:99:bb:d8:6e:2e,1748350807.3877785
2025-05-27 14:00:07,d8:32:14:45:a0:71,-43.0,04:99:bb:d8:6e:2e,1748350807.3887253
2025-05-27 14:00:07,d8:32:14:45:a0:71,-45.0,04:99:bb:d8:6e:2e,1748350807.3903954
2025-05-27 14:00:07,d8:32:14:45:a0:71,-44.0,04:99:bb:d8:6e:2e,1748350807.3922005
2025-05-27 14:00:07,d8:32:14:45:a0:71,-43.0,04:99:bb:d8:6e:2e,1748350807.393134
2025-05-27 14:00:07,d8:32:14:45:a0:71,-44.0,04:99:bb:d8:6e:2e,1748350807.3939788
2025-05-27 14:00:07,d8:32:14:45:a0:71,-45.0,04:99:bb:d8:6e:2e,1748350807.3979177
2025-05-27 14:00:07,d8:32:14:45:a0:71,-43.0,04:99:bb:d8:6e:2e,1748350807.3989007
2025-05-27 14:00:07,d8:32:14:45:a0:71,-43.0,04:99:bb:d8:6e:2e,1748350807.399888
2025-05-27 14:00:07,d8:32:14:45:a0:71,-44.0,04:99:bb:d8:6e:2e,1748350807.4052343
2025-05-27 14:00:07,d8:32:14:45:a0:71,-44.0,04:99:bb:d8:6e:2e,1748350807.4061773
2025-05-27 14:00:07,d8:32:14:45:a0:71,-44.0,04:99:bb:d8:6e:2e,1748350807.4106102
2025-05-27 14:00:07,d8:32:14:45:a0:71,-44.0,04:99:bb:d8:6e:2e,1748350807.4188797
2025-05-27 14:00:07,d8:32:14:45:a0:71,-45.0,04:99:bb:d8:6e:2e,1748350807.4206917
2025-05-27 14:00:07,d8:32:14:45:a0:71,-46.0,04:99:bb:d8:6e:2e,1748350807.4216087
2025-05-27 14:00:07,d8:32:14:45:a0:71,-44.0,04:99:bb:d8:6e:2e,1748350807.4234028
2025-05-27 14:00:07,d8:32:14:45:a0:71,-44.0,04:99:bb:d8:6e:2e,1748350807.4252412
2025-05-27 14:00:07,d8:32:14:45:a0:71,-44.0,04:99:bb:d8:6e:2e,1748350807.426103
2025-05-27 14:00:07,d8:32:14:45:a0:71,-45.0,04:99:bb:d8:6e:2e,1748350807.4355724
2025-05-27 14:00:07,d8:32:14:45:a0:71,-44.0,04:99:bb:d8:6e:2e,1748350807.4383993
2025-05-27 14:00:07,d8:32:14:45:a0:71,-44.0,04:99:bb:d8:6e:2e,1748350807.4402
2025-05-27 14:00:07,d8:32:14:45:a0:71,-45.0,04:99:bb:d8:6e:2e,1748350807.4411182
2025-05-27 14:00:07,d8:32:14:45:a0:71,-45.0,04:99:bb:d8:6e:2e,1748350807.4437637
2025-05-27 14:00:07,d8:32:14:45:a0:71,-45.0,04:99:bb:d8:6e:2e,1748350807.4462817
2025-05-27 14:00:07,d8:32:14:45:a0:71,-45.0,04:99:bb:d8:6e:2e,1748350807.447189
2025-05-27 14:00:07,d8:32:14:45:a0:71,-44.0,04:99:bb:d8:6e:2e,1748350807.4489682
2025-05-27 14:00:07,d8:32:14:45:a0:71,-45.0,04:99:bb:d8:6e:2e,1748350807.451611
2025-05-27 14:00:07,d8:32:14:45:a0:71,-44.0,04:99:bb:d8:6e:2e,1748350807.4524472
2025-05-27 14:00:07,d8:32:14:45:a0:71,-45.0,04:99:bb:d8:6e:2e,1748350807.4577196
2025-05-27 14:00:07,d8:32:14:45:a0:71,-44.0,04:99:bb:d8:6e:2e,1748350807.4586532
2025-05-27 14:00:07,d8:32:14:45:a0:71,-44.0,04:99:bb:d8:6e:2e,1748350807.4595065
2025-05-27 14:00:07,d8:32:14:45:a0:71,-45.0,04:99:bb:d8:6e:2e,1748350807.4633675
2025-05-27 14:00:07,d8:32:14:45:a0:71,-43.0,04:99:bb:d8:6e:2e,1748350807.4642825
2025-05-27 14:00:07,d8:32:14:45:a0:71,-45.0,04:99:bb:d8:6e:2e,1748350807.4651997
2025-05-27 14:00:07,d8:32:14:45:a0:71,-45.0,04:99:bb:d8:6e:2e,1748350807.466101
2025-05-27 14:00:07,d8:32:14:45:a0:71,-45.0,04:99:bb:d8:6e:2e,1748350807.4670198
2025-05-27 14:00:07,d8:32:14:45:a0:71,-45.0,04:99:bb:d8:6e:2e,1748350807.4679801
2025-05-27 14:00:07,d8:32:14:45:a0:71,-45.0,04:99:bb:d8:6e:2e,1748350807.472789
2025-05-27 14:00:07,d8:32:14:45:a0:71,-45.0,04:99:bb:d8:6e:2e,1748350807.4774187
2025-05-27 14:00:07,d8:32:14:45:a0:71,-45.0,04:99:bb:d8:6e:2e,1748350807.4808562
2025-05-27 14:00:07,d8:32:14:45:a0:71,-45.0,04:99:bb:d8:6e:2e,1748350807.4865289
2025-05-27 14:00:07,d8:32:14:45:a0:71,-45.0,04:99:bb:d8:6e:2e,1748350807.4891698
2025-05-27 14:00:07,d8:32:14:45:a0:71,-44.0,04:99:bb:d8:6e:2e,1748350807.4910195
2025-05-27 14:00:07,d8:32:14:45:a0:71,-44.0,04:99:bb:d8:6e:2e,1748350807.4919367
2025-05-27 14:00:07,d8:32:14:45:a0:71,-45.0,04:99:bb:d8:6e:2e,1748350807.494472
2025-05-27 14:00:07,d8:32:14:45:a0:71,-44.0,04:99:bb:d8:6e:2e,1748350807.5022712
2025-05-27 14:00:07,d8:32:14:45:a0:71,-45.0,04:99:bb:d8:6e:2e,1748350807.5032349
2025-05-27 14:00:07,d8:32:14:45:a0:71,-44.0,04:99:bb:d8:6e:2e,1748350807.5041814
2025-05-27 14:00:07,d8:32:14:45:a0:71,-45.0,04:99:bb:d8:6e:2e,1748350807.506139
2025-05-27 14:00:07,d8:32:14:45:a0:71,-45.0,04:99:bb:d8:6e:2e,1748350807.5079296
2025-05-27 14:00:07,d8:32:14:45:a0:71,-45.0,04:99:bb:d8:6e:2e,1748350807.50878
2025-05-27 14:00:07,d8:32:14:45:a0:71,-45.0,04:99:bb:d8:6e:2e,1748350807.512134
2025-05-27 14:00:07,d8:32:14:45:a0:71,-44.0,04:99:bb:d8:6e:2e,1748350807.5140142
2025-05-27 14:00:07,d8:32:14:45:a0:71,-44.0,04:99:bb:d8:6e:2e,1748350807.5166473
2025-05-27 14:00:07,d8:32:14:45:a0:71,-44.0,04:99:bb:d8:6e:2e,1748350807.517581
2025-05-27 14:00:07,d8:32:14:45:a0:71,-40.0,04:99:bb:d8:6e:2e,1748350807.6425617
2025-05-27 14:00:09,d8:32:14:45:a0:71,-52.0,04:99:bb:d8:6e:2e,1748350809.3470957
2025-05-27 14:00:09,d8:32:14:45:a0:71,-43.0,04:99:bb:d8:6e:2e,1748350809.3488297
2025-05-27 14:00:09,d8:32:14:45:a0:71,-31.0,04:99:bb:d8:6e:2e,1748350809.5369527
2025-05-27 14:00:13,d8:32:14:45:a0:71,-35.0,04:99:bb:d8:6e:2e,1748350813.4207294
2025-05-27 14:00:13,d8:32:14:45:a0:71,-30.0,04:99:bb:d8:6e:2e,1748350813.4241421
2025-05-27 14:00:13,d8:32:14:45:a0:71,-35.0,04:99:bb:d8:6e:2e,1748350813.6272752
2025-05-27 14:00:13,d8:32:14:45:a0:71,-32.0,04:99:bb:d8:6e:2e,1748350813.6686172
2025-05-27 14:00:13,d8:32:14:45:a0:71,-31.0,04:99:bb:d8:6e:2e,1748350813.6705487
2025-05-27 14:00:13,d8:32:14:45:a0:71,-30.0,04:99:bb:d8:6e:2e,1748350813.672376
2025-05-27 14:00:13,d8:32:14:45:a0:71,-32.0,04:99:bb:d8:6e:2e,1748350813.6758094
2025-05-27 14:00:13,d8:32:14:45:a0:71,-46.0,04:99:bb:d8:6e:2e,1748350813.7370002
2025-05-27 14:00:15,d8:32:14:45:a0:71,-43.0,04:99:bb:d8:6e:2e,1748350815.626587
2025-05-27 14:00:15,d8:32:14:45:a0:71,-42.0,04:99:bb:d8:6e:2e,1748350815.6284251
2025-05-27 14:00:15,d8:32:14:45:a0:71,-43.0,04:99:bb:d8:6e:2e,1748350815.63024
2025-05-27 14:00:15,d8:32:14:45:a0:71,-43.0,04:99:bb:d8:6e:2e,1748350815.6321628
2025-05-27 14:00:15,d8:32:14:45:a0:71,-42.0,04:99:bb:d8:6e:2e,1748350815.633978
2025-05-27 14:00:15,d8:32:14:45:a0:71,-42.0,04:99:bb:d8:6e:2e,1748350815.635755
2025-05-27 14:00:15,d8:32:14:45:a0:71,-43.0,04:99:bb:d8:6e:2e,1748350815.6946898
2025-05-27 14:00:15,d8:32:14:45:a0:71,-40.0,04:99:bb:d8:6e:2e,1748350815.8813274
2025-05-27 14:00:15,d8:32:14:45:a0:71,-40.0,04:99:bb:d8:6e:2e,1748350815.883077
2025-05-27 14:00:15,d8:32:14:45:a0:71,-40.0,04:99:bb:d8:6e:2e,1748350815.8847265
2025-05-27 14:00:15,d8:32:14:45:a0:71,-40.0,04:99:bb:d8:6e:2e,1748350815.887409
2025-05-27 14:00:15,d8:32:14:45:a0:71,-40.0,04:99:bb:d8:6e:2e,1748350815.8891542
2025-05-27 14:00:15,d8:32:14:45:a0:71,-40.0,04:99:bb:d8:6e:2e,1748350815.8909593
2025-05-27 14:00:15,d8:32:14:45:a0:71,-40.0,04:99:bb:d8:6e:2e,1748350815.8939602
2025-05-27 14:00:16,d8:32:14:45:a0:71,-45.0,04:99:bb:d8:6e:2e,1748350816.0895457
2025-05-27 14:00:21,d8:32:14:45:a0:71,-39.0,04:99:bb:d8:6e:2e,1748350821.3238347
2025-05-27 14:00:21,d8:32:14:45:a0:71,-34.0,04:99:bb:d8:6e:2e,1748350821.333182
2025-05-27 14:00:21,d8:32:14:45:a0:71,-37.0,04:99:bb:d8:6e:2e,1748350821.5142584
2025-05-27 14:00:22,d8:32:14:45:a0:71,-41.0,04:99:bb:d8:6e:2e,1748350822.3325686
2025-05-27 14:00:22,d8:32:14:45:a0:71,-39.0,04:99:bb:d8:6e:2e,1748350822.3350394
2025-05-27 14:00:22,d8:32:14:45:a0:71,-37.0,04:99:bb:d8:6e:2e,1748350822.536796
2025-05-27 14:00:24,d8:32:14:45:a0:71,-39.0,04:99:bb:d8:6e:2e,1748350824.3933833
2025-05-27 14:00:24,d8:32:14:45:a0:71,-35.0,04:99:bb:d8:6e:2e,1748350824.3959684
2025-05-27 14:00:24,d8:32:14:45:a0:71,-38.0,04:99:bb:d8:6e:2e,1748350824.5900948
2025-05-27 14:00:26,d8:32:14:45:a0:71,-39.0,04:99:bb:d8:6e:2e,1748350826.3321888
2025-05-27 14:00:26,d8:32:14:45:a0:71,-38.0,04:99:bb:d8:6e:2e,1748350826.3363354
2025-05-27 14:00:26,d8:32:14:45:a0:71,-36.0,04:99:bb:d8:6e:2e,1748350826.338163
2025-05-27 14:00:26,d8:32:14:45:a0:71,-36.0,04:99:bb:d8:6e:2e,1748350826.3407383
2025-05-27 14:00:26,d8:32:14:45:a0:71,-39.0,04:99:bb:d8:6e:2e,1748350826.3940797
2025-05-27 14:00:28,d8:32:14:45:a0:71,-41.0,04:99:bb:d8:6e:2e,1748350828.4210634
2025-05-27 14:00:28,d8:32:14:45:a0:71,-35.0,04:99:bb:d8:6e:2e,1748350828.4228675
2025-05-27 14:00:28,d8:32:14:45:a0:71,-42.0,04:99:bb:d8:6e:2e,1748350828.5789955
2025-05-27 14:00:31,d8:32:14:45:a0:71,-41.0,04:99:bb:d8:6e:2e,1748350831.1687288
2025-05-27 14:00:31,d8:32:14:45:a0:71,-36.0,04:99:bb:d8:6e:2e,1748350831.1738505
2025-05-27 14:00:31,d8:32:14:45:a0:71,-35.0,04:99:bb:d8:6e:2e,1748350831.175672
2025-05-27 14:00:31,d8:32:14:45:a0:71,-37.0,04:99:bb:d8:6e:2e,1748350831.1791518
2025-05-27 14:00:31,d8:32:14:45:a0:71,-34.0,04:99:bb:d8:6e:2e,1748350831.3488708
2025-05-27 14:00:31,d8:32:14:45:a0:71,-31.0,04:99:bb:d8:6e:2e,1748350831.3506029
2025-05-27 14:00:31,d8:32:14:45:a0:71,-33.0,04:99:bb:d8:6e:2e,1748350831.3523173
2025-05-27 14:00:33,d8:32:14:45:a0:71,-40.0,04:99:bb:d8:6e:2e,1748350833.6794631
2025-05-27 14:00:33,d8:32:14:45:a0:71,-36.0,04:99:bb:d8:6e:2e,1748350833.681349
2025-05-27 14:00:33,d8:32:14:45:a0:71,-39.0,04:99:bb:d8:6e:2e,1748350833.6871026
2025-05-27 14:00:36,d8:32:14:45:a0:71,-28.0,04:99:bb:d8:6e:2e,1748350836.3660958
2025-05-27 14:00:36,d8:32:14:45:a0:71,-26.0,04:99:bb:d8:6e:2e,1748350836.3686314
2025-05-27 14:00:36,d8:32:14:45:a0:71,-31.0,04:99:bb:d8:6e:2e,1748350836.5720084
2025-05-27 14:00:37,d8:32:14:45:a0:71,-38.0,04:99:bb:d8:6e:2e,1748350837.3840337
2025-05-27 14:00:37,d8:32:14:45:a0:71,-34.0,04:99:bb:d8:6e:2e,1748350837.3876398
